post_id,t0_first_corrective_utc,window_hours,high_di_thresh,n_before,n_after,mean_di_before,mean_di_after,max_di_before,max_di_after,high_di_rate_before,high_di_rate_after,delta_mean_di,delta_high_di_rate,nwin_enabled,nwin_N,nwin_n_before,nwin_n_after,nwin_mean_di_before,nwin_mean_di_after,nwin_max_di_before,nwin_max_di_after,nwin_high_di_rate_before,nwin_high_di_rate_after,nwin_delta_mean_di,nwin_delta_high_di_rate
cab2f3f6-c0ee-4733-adc8-ba35c7417e1d,2026-01-31 07:46:43.848485+00:00,12,3,2,10,0.0,0.0,0.0,0.0,0.0,0.0,0.0,0.0,1,5,2,5,0.0,0.0,0.0,0.0,0.0,0.0,0.0,0.0
ac10a388-1f45-4dc2-84f7-671876aa7b1d,2026-01-31 07:46:45.749363+00:00,12,3,0,6,,0.3333333333333333,,1.0,,0.0,,,1,5,0,5,,0.4,,1.0,,0.0,,
0d6f9c0e-3322-4224-94a2-aa405246a41d,2026-01-31 07:47:10.206802+00:00,12,3,2,4,0.0,0.0,0.0,0.0,0.0,0.0,0.0,0.0,1,5,2,4,0.0,0.0,0.0,0.0,0.0,0.0,0.0,0.0
6540da0e-2a1e-4d40-8134-84c9981e649d,2026-01-31 07:46:49.167252+00:00,12,3,2,8,0.0,0.0,0.0,0.0,0.0,0.0,0.0,0.0,1,5,2,5,0.0,0.0,0.0,0.0,0.0,0.0,0.0,0.0
37252dad-a5b3-4f51-9fc0-0c01768f01f9,2026-01-31 07:48:48.932000+00:00,12,3,18,2,0.0,0.0,0.0,0.0,0.0,0.0,0.0,0.0,1,5,5,2,0.0,0.0,0.0,0.0,0.0,0.0,0.0,0.0
b2ef8f90-f8a2-4d1c-9b07-b4c3c19631f2,2026-01-31 07:46:13.539327+00:00,12,3,2,8,0.0,0.25,0.0,1.0,0.0,0.0,0.25,0.0,1,5,2,5,0.0,0.2,0.0,1.0,0.0,0.0,0.2,0.0
b8024d29-788b-4cb6-b6a2-2524ca536dba,2026-01-31 07:46:31.863264+00:00,12,3,0,2,,0.0,,0.0,,0.0,,,1,5,0,2,,0.0,,0.0,,0.0,,
0ae94a03-6ddb-4d62-aea3-6f962e783104,2026-01-31 07:52:16.756757+00:00,12,3,10,10,0.4,0.0,1.0,0.0,0.0,0.0,-0.4,0.0,1,5,5,5,0.2,0.0,1.0,0.0,0.0,0.0,-0.2,0.0
d66652c3-835a-4820-af29-5654062466cb,2026-01-31 07:51:19.954431+00:00,12,3,12,10,0.0,0.0,0.0,0.0,0.0,0.0,0.0,0.0,1,5,5,5,0.0,0.0,0.0,0.0,0.0,0.0,0.0,0.0
f3894be6-a7f8-40d0-80e4-420a0d7cf91b,2026-01-31 07:51:54.536414+00:00,12,3,16,12,0.0,0.0,0.0,0.0,0.0,0.0,0.0,0.0,1,5,5,5,0.0,0.0,0.0,0.0,0.0,0.0,0.0,0.0
2bde4dfd-46eb-4948-be5c-b9e12564c38e,2026-01-31 07:50:05.340520+00:00,12,3,0,6,,0.3333333333333333,,1.0,,0.0,,,1,5,0,5,,0.4,,1.0,,0.0,,
8d35b578-d702-49b2-8f9e-d78ace2d0ba0,2026-01-31 07:58:58.931342+00:00,12,3,4,2,0.0,0.0,0.0,0.0,0.0,0.0,0.0,0.0,1,5,4,2,0.0,0.0,0.0,0.0,0.0,0.0,0.0,0.0
b7d4fb80-9e68-49db-84e3-be91579823d4,2026-01-31 07:56:30.999336+00:00,12,3,2,8,0.0,0.0,0.0,0.0,0.0,0.0,0.0,0.0,1,5,2,5,0.0,0.0,0.0,0.0,0.0,0.0,0.0,0.0
c94ee696-7efd-4240-843d-6be96144d168,2026-01-31 08:00:52.759843+00:00,12,3,8,14,0.0,0.0,0.0,0.0,0.0,0.0,0.0,0.0,1,5,5,5,0.0,0.0,0.0,0.0,0.0,0.0,0.0,0.0
4add801f-2d9c-4cdc-8443-6e04d9ce36d5,2026-01-31 08:01:15.405469+00:00,12,3,12,22,0.16666666666666666,0.18181818181818182,1.0,1.0,0.0,0.0,0.015151515151515166,0.0,1,5,5,5,0.4,0.2,1.0,1.0,0.0,0.0,-0.2,0.0
758bd3ae-247a-4701-9943-2470ab54f7c7,2026-01-31 08:07:25.515943+00:00,12,3,8,4,0.0,0.0,0.0,0.0,0.0,0.0,0.0,0.0,1,5,5,4,0.0,0.0,0.0,0.0,0.0,0.0,0.0,0.0
37f18a94-c95b-4301-96ea-fb3b38aa6a5e,2026-01-31 08:08:43.156290+00:00,12,3,12,0,0.16666666666666666,,1.0,,0.0,,,,1,5,5,0,0.4,,1.0,,0.0,,,
e635047c-8866-4956-a3a3-155da1fc9081,2026-01-31 08:06:28.301081+00:00,12,3,0,4,,0.5,,1.0,,0.0,,,1,5,0,4,,0.5,,1.0,,0.0,,
bb7f9f6c-9359-4444-bc90-29e2870f7fec,2026-01-31 08:08:22.000165+00:00,12,3,8,2,0.25,0.0,1.0,0.0,0.0,0.0,-0.25,0.0,1,5,5,2,0.0,0.0,0.0,0.0,0.0,0.0,0.0,0.0
f51fc985-e3e2-4aca-9f9e-7441ef5eb7f0,2026-01-31 08:10:06.006618+00:00,12,3,0,4,,0.0,,0.0,,0.0,,,1,5,0,4,,0.0,,0.0,,0.0,,
68cb2d73-40cb-4963-bc58-cfcb579c78cb,2026-01-31 08:10:58.289368+00:00,12,3,2,14,0.0,0.14285714285714285,0.0,1.0,0.0,0.0,0.14285714285714285,0.0,1,5,2,5,0.0,0.4,0.0,1.0,0.0,0.0,0.4,0.0
f764f59f-5967-4a53-b018-84a9d5ec8e9f,2026-01-31 08:20:15.840187+00:00,12,3,6,4,0.0,0.0,0.0,0.0,0.0,0.0,0.0,0.0,1,5,5,4,0.0,0.0,0.0,0.0,0.0,0.0,0.0,0.0
557fe792-9a1b-4b3c-a738-fedd67776e74,2026-01-31 08:21:01.166470+00:00,12,3,6,0,0.0,,0.0,,0.0,,,,1,5,5,0,0.0,,0.0,,0.0,,,
ceb683bf-d7ed-40f7-9f46-3e30eb921c5e,2026-01-31 08:27:09.795946+00:00,12,3,4,2,0.0,0.0,0.0,0.0,0.0,0.0,0.0,0.0,1,5,4,2,0.0,0.0,0.0,0.0,0.0,0.0,0.0,0.0
1903938e-b5ae-4d38-8550-fb1c57e92f4f,2026-01-31 08:27:01.124394+00:00,12,3,4,4,0.5,0.0,1.0,0.0,0.0,0.0,-0.5,0.0,1,5,4,4,0.5,0.0,1.0,0.0,0.0,0.0,-0.5,0.0
20d3e8d8-dab4-4644-b959-c50aa5086dda,2026-01-31 08:26:50.584570+00:00,12,3,0,10,,0.0,,0.0,,0.0,,,1,5,0,5,,0.0,,0.0,,0.0,,
4b8ef1ee-da9e-4e52-abe4-02234b52d653,2026-01-31 08:26:22.014649+00:00,12,3,0,2,,0.0,,0.0,,0.0,,,1,5,0,2,,0.0,,0.0,,0.0,,
f5049b4d-372c-4ad6-8f19-36a51e2b748d,2026-01-31 08:29:12.798072+00:00,12,3,4,6,0.0,0.0,0.0,0.0,0.0,0.0,0.0,0.0,1,5,4,5,0.0,0.0,0.0,0.0,0.0,0.0,0.0,0.0
8bbcd76e-35a8-40dc-bd1c-064c9ec51b4d,2026-01-31 08:28:47.888782+00:00,12,3,2,4,0.0,0.5,0.0,1.0,0.0,0.0,0.5,0.0,1,5,2,4,0.0,0.5,0.0,1.0,0.0,0.0,0.5,0.0
393722f4-3208-4711-9cfa-ba9d1c0f48c7,2026-01-31 08:30:20.979995+00:00,12,3,2,2,0.0,0.0,0.0,0.0,0.0,0.0,0.0,0.0,1,5,2,2,0.0,0.0,0.0,0.0,0.0,0.0,0.0,0.0
7d6ba923-6978-428a-9071-a316538198b5,2026-01-31 08:29:01.138547+00:00,12,3,2,18,0.0,0.1111111111111111,0.0,1.0,0.0,0.0,0.1111111111111111,0.0,1,5,2,5,0.0,0.4,0.0,1.0,0.0,0.0,0.4,0.0
a7da18d7-9677-4eef-a62e-0a6c96537712,2026-01-31 08:29:29.809539+00:00,12,3,8,14,0.0,0.0,0.0,0.0,0.0,0.0,0.0,0.0,1,5,5,5,0.0,0.0,0.0,0.0,0.0,0.0,0.0,0.0
8ee09c48-6af6-44d1-8acd-32be2f2527ae,2026-01-31 08:28:35.420636+00:00,12,3,4,14,0.0,0.0,0.0,0.0,0.0,0.0,0.0,0.0,1,5,4,5,0.0,0.0,0.0,0.0,0.0,0.0,0.0,0.0
39758b3c-8670-4203-b049-eae13669abf8,2026-01-31 08:37:46.846706+00:00,12,3,14,0,0.2857142857142857,,1.0,,0.0,,,,1,5,5,0,0.0,,0.0,,0.0,,,
c1b4a6a8-0614-4928-afe7-e01748f9df5d,2026-01-31 08:37:09.596005+00:00,12,3,2,4,0.0,0.5,0.0,1.0,0.0,0.0,0.5,0.0,1,5,2,4,0.0,0.5,0.0,1.0,0.0,0.0,0.5,0.0
e0806c4c-6d9c-4486-98fc-908fa04bee21,2026-01-31 08:41:14.424229+00:00,12,3,4,18,0.5,0.0,1.0,0.0,0.0,0.0,-0.5,0.0,1,5,4,5,0.5,0.0,1.0,0.0,0.0,0.0,-0.5,0.0
5ce9ae8c-46f6-4aa8-9d84-ed1b7da10b6d,2026-01-31 08:41:33.249558+00:00,12,3,2,6,0.0,0.0,0.0,0.0,0.0,0.0,0.0,0.0,1,5,2,5,0.0,0.0,0.0,0.0,0.0,0.0,0.0,0.0
5df3a47f-03fc-4c93-8f75-d2bccb3567c7,2026-01-31 08:40:39.054443+00:00,12,3,0,0,,,,,,,,,1,5,0,0,,,,,,,,
e1c6a79a-9f08-4d13-8ba6-f9a2a4e03962,2026-01-31 08:41:22.238143+00:00,12,3,4,2,0.0,0.0,0.0,0.0,0.0,0.0,0.0,0.0,1,5,4,2,0.0,0.0,0.0,0.0,0.0,0.0,0.0,0.0
7f2c8af0-9238-44bd-bf9a-b1f88b9563b5,2026-01-31 08:41:50.979423+00:00,12,3,10,8,0.2,0.0,1.0,0.0,0.0,0.0,-0.2,0.0,1,5,5,5,0.4,0.0,1.0,0.0,0.0,0.0,-0.4,0.0
5d59f6d8-6228-4e9d-a8a2-857e71694f6c,2026-01-31 08:41:34.038222+00:00,12,3,8,6,0.0,0.0,0.0,0.0,0.0,0.0,0.0,0.0,1,5,5,5,0.0,0.0,0.0,0.0,0.0,0.0,0.0,0.0
7a5349a5-d25d-4166-a396-9b3391c34a96,2026-01-31 08:40:26.007250+00:00,12,3,4,8,0.0,0.25,0.0,1.0,0.0,0.0,0.25,0.0,1,5,4,5,0.0,0.0,0.0,0.0,0.0,0.0,0.0,0.0
f7a8e8bd-4b99-481f-8535-ba9d317a0959,2026-01-31 08:46:16.358891+00:00,12,3,2,14,0.0,0.14285714285714285,0.0,1.0,0.0,0.0,0.14285714285714285,0.0,1,5,2,5,0.0,0.2,0.0,1.0,0.0,0.0,0.2,0.0
64ddcc6a-7647-482a-a608-978643688367,2026-01-31 08:46:57.989223+00:00,12,3,2,16,0.0,0.0,0.0,0.0,0.0,0.0,0.0,0.0,1,5,2,5,0.0,0.0,0.0,0.0,0.0,0.0,0.0,0.0
605362d1-9fe9-4c53-8dcb-a20410a77504,2026-01-31 08:46:33.756000+00:00,12,3,0,2,,0.0,,0.0,,0.0,,,1,5,0,2,,0.0,,0.0,,0.0,,
426a5115-b806-4b82-9af3-0ce46f457e61,2026-01-31 09:57:35.993357+00:00,12,3,4,18,0.0,0.0,0.0,0.0,0.0,0.0,0.0,0.0,1,5,4,5,0.0,0.0,0.0,0.0,0.0,0.0,0.0,0.0
9b310fb0-8792-439a-991c-4048442a7ad2,2026-01-31 10:04:54.527974+00:00,12,3,0,10,,0.2,,1.0,,0.0,,,1,5,0,5,,0.0,,0.0,,0.0,,
9750b76c-0793-4156-902f-ffddd28a9c43,2026-01-31 10:05:16.754057+00:00,12,3,6,22,0.0,0.09090909090909091,0.0,1.0,0.0,0.0,0.09090909090909091,0.0,1,5,5,5,0.0,0.0,0.0,0.0,0.0,0.0,0.0,0.0
71c5c7e9-677f-40c2-9baa-d9ad9e6663f1,2026-01-31 10:17:50.432890+00:00,12,3,2,2,0.0,0.0,0.0,0.0,0.0,0.0,0.0,0.0,1,5,2,2,0.0,0.0,0.0,0.0,0.0,0.0,0.0,0.0
0b56559c-2818-47b1-8bbb-56aeb99ba5f0,2026-01-31 10:15:11.249989+00:00,12,3,0,2,,1.0,,1.0,,0.0,,,1,5,0,2,,1.0,,1.0,,0.0,,
2fcacc6a-a21c-42a3-b8b1-20f137368eb8,2026-01-31 10:12:54.317684+00:00,12,3,2,0,0.0,,0.0,,0.0,,,,1,5,2,0,0.0,,0.0,,0.0,,,
8bbf948a-213c-4d7c-be30-97c155a1fa9d,2026-01-31 10:12:29.518482+00:00,12,3,0,2,,0.0,,0.0,,0.0,,,1,5,0,2,,0.0,,0.0,,0.0,,
6df81bfb-ee6b-4655-a63d-7dfb035cc5f4,2026-01-31 10:11:56.271101+00:00,12,3,0,10,,0.0,,0.0,,0.0,,,1,5,0,5,,0.0,,0.0,,0.0,,
72382b27-ee1a-4fa5-8f5f-649cfe9bf368,2026-01-31 10:12:43.478763+00:00,12,3,2,8,1.0,0.25,1.0,1.0,0.0,0.0,-0.75,0.0,1,5,2,5,1.0,0.2,1.0,1.0,0.0,0.0,-0.8,0.0
a31f4ef3-5565-451f-8257-139284a34963,2026-01-31 10:13:30.585646+00:00,12,3,6,2,0.0,0.0,0.0,0.0,0.0,0.0,0.0,0.0,1,5,5,2,0.0,0.0,0.0,0.0,0.0,0.0,0.0,0.0
3f3020e0-8052-4384-83a6-5d48d1eed38d,2026-01-31 10:14:50.110323+00:00,12,3,10,2,0.0,0.0,0.0,0.0,0.0,0.0,0.0,0.0,1,5,5,2,0.0,0.0,0.0,0.0,0.0,0.0,0.0,0.0
01686456-78a8-41b5-8d7f-8e234ffecbcc,2026-01-31 10:12:26.498061+00:00,12,3,4,14,0.0,0.0,0.0,0.0,0.0,0.0,0.0,0.0,1,5,4,5,0.0,0.0,0.0,0.0,0.0,0.0,0.0,0.0
ff1ef8cf-2b1e-448f-ba84-05a77a55ecbd,2026-01-31 10:15:37.821969+00:00,12,3,14,10,0.2857142857142857,0.0,1.0,0.0,0.0,0.0,-0.2857142857142857,0.0,1,5,5,5,0.4,0.0,1.0,0.0,0.0,0.0,-0.4,0.0
f86c6b57-2acb-4f65-81c0-058c6bba8396,2026-01-31 10:12:26.790359+00:00,12,3,6,4,0.0,0.0,0.0,0.0,0.0,0.0,0.0,0.0,1,5,5,4,0.0,0.0,0.0,0.0,0.0,0.0,0.0,0.0
28fef1ad-ab48-4bdf-b3af-8b9a9f2fd1e5,2026-01-31 10:10:51.518312+00:00,12,3,0,18,,0.2222222222222222,,1.0,,0.0,,,1,5,0,5,,0.0,,0.0,,0.0,,
0191aa3a-b62b-4ace-8655-00ef1ae936b5,2026-01-31 10:23:25.606456+00:00,12,3,16,14,0.0,0.0,0.0,0.0,0.0,0.0,0.0,0.0,1,5,5,5,0.0,0.0,0.0,0.0,0.0,0.0,0.0,0.0
762f0313-57aa-4b45-96e6-7ed46927ec87,2026-01-31 10:10:36.585613+00:00,12,3,0,2,,0.0,,0.0,,0.0,,,1,5,0,2,,0.0,,0.0,,0.0,,
47021c56-a759-4367-8165-526f20b0e3c2,2026-01-31 10:10:35.509129+00:00,12,3,2,2,0.0,0.0,0.0,0.0,0.0,0.0,0.0,0.0,1,5,2,2,0.0,0.0,0.0,0.0,0.0,0.0,0.0,0.0
433f473b-b4ca-4aa8-9b45-1d447a9a6eaa,2026-01-31 10:16:05.203544+00:00,12,3,2,0,0.0,,0.0,,0.0,,,,1,5,2,0,0.0,,0.0,,0.0,,,
59c086bb-7b14-4ad2-a167-bb1741bb7064,2026-01-31 10:13:41.117814+00:00,12,3,2,14,0.0,0.2857142857142857,0.0,1.0,0.0,0.0,0.2857142857142857,0.0,1,5,2,5,0.0,0.4,0.0,1.0,0.0,0.0,0.4,0.0
9fe3a0df-2d44-4864-a992-ef27c68f19b5,2026-01-31 10:10:35.996303+00:00,12,3,0,4,,0.5,,1.0,,0.0,,,1,5,0,4,,0.5,,1.0,,0.0,,
0c9b9f40-db9e-4c2e-9182-d2b78e4c25ae,2026-01-31 10:10:09.806563+00:00,12,3,0,4,,0.0,,0.0,,0.0,,,1,5,0,4,,0.0,,0.0,,0.0,,
abe93c20-c23d-4b7c-aaa0-b561cf0b89c0,2026-01-31 10:10:48.499381+00:00,12,3,8,8,0.0,0.0,0.0,0.0,0.0,0.0,0.0,0.0,1,5,5,5,0.0,0.0,0.0,0.0,0.0,0.0,0.0,0.0
e8166219-3ea8-4be5-8c5c-68d8af71ac04,2026-01-31 10:12:25.891965+00:00,12,3,10,6,0.4,0.3333333333333333,1.0,1.0,0.0,0.0,-0.06666666666666671,0.0,1,5,5,5,0.4,0.4,1.0,1.0,0.0,0.0,0.0,0.0
65671c03-01f1-41a3-a4f3-ef6cbb437388,2026-01-31 10:10:48.332296+00:00,12,3,6,0,0.0,,0.0,,0.0,,,,1,5,5,0,0.0,,0.0,,0.0,,,
b48e505b-6c68-4e7d-863a-723f46bbc9ac,2026-01-31 10:11:00.547898+00:00,12,3,6,8,0.0,0.0,0.0,0.0,0.0,0.0,0.0,0.0,1,5,5,5,0.0,0.0,0.0,0.0,0.0,0.0,0.0,0.0
c7f70037-e684-4679-a241-fd32af30fe86,2026-01-31 10:10:12.095712+00:00,12,3,2,14,0.0,0.0,0.0,0.0,0.0,0.0,0.0,0.0,1,5,2,5,0.0,0.0,0.0,0.0,0.0,0.0,0.0,0.0
36b899f5-3fc9-4082-bb03-02fd86f14504,2026-01-31 10:14:48.124525+00:00,12,3,10,2,0.0,0.0,0.0,0.0,0.0,0.0,0.0,0.0,1,5,5,2,0.0,0.0,0.0,0.0,0.0,0.0,0.0,0.0
f5a46115-ac9b-4888-a094-6ea525f2f581,2026-01-31 10:16:27.748423+00:00,12,3,6,10,0.0,1.0,0.0,1.0,0.0,0.0,1.0,0.0,1,5,5,5,0.0,1.0,0.0,1.0,0.0,0.0,1.0,0.0
3cb230f1-f29d-427b-af02-fe92f30254b9,2026-01-31 10:08:38.554103+00:00,12,3,0,4,,0.0,,0.0,,0.0,,,1,5,0,4,,0.0,,0.0,,0.0,,
e9d9f9f6-7e34-481d-ba38-1193d6c54306,2026-01-31 10:09:23.136894+00:00,12,3,6,2,1.0,0.0,1.0,0.0,0.0,0.0,-1.0,0.0,1,5,5,2,1.0,0.0,1.0,0.0,0.0,0.0,-1.0,0.0
b9233ba2-35bd-4e2f-ab36-b1163a97ff24,2026-01-31 10:06:58.816555+00:00,12,3,0,14,,0.14285714285714285,,1.0,,0.0,,,1,5,0,5,,0.4,,1.0,,0.0,,
00bf2d2a-06bf-4a28-8c16-ac78ceb0877d,2026-01-31 10:09:20.415240+00:00,12,3,2,0,0.0,,0.0,,0.0,,,,1,5,2,0,0.0,,0.0,,0.0,,,
95f888fd-9327-4241-95d4-3a98e7e8a4ee,2026-01-31 10:08:04.232815+00:00,12,3,12,4,0.0,0.0,0.0,0.0,0.0,0.0,0.0,0.0,1,5,5,4,0.0,0.0,0.0,0.0,0.0,0.0,0.0,0.0
35d59151-cf52-40e9-95ae-dd7374be87a6,2026-01-31 10:07:18.588403+00:00,12,3,10,10,0.2,0.0,1.0,0.0,0.0,0.0,-0.2,0.0,1,5,5,5,0.4,0.0,1.0,0.0,0.0,0.0,-0.4,0.0
06fde151-780e-49ae-8cb2-7720286c6e2f,2026-01-31 10:04:38.248729+00:00,12,3,0,14,,0.0,,0.0,,0.0,,,1,5,0,5,,0.0,,0.0,,0.0,,
e9f0d7ce-9ecf-499c-ade3-4ccf6c6ef056,2026-01-31 10:05:13.893754+00:00,12,3,2,4,1.0,0.0,1.0,0.0,0.0,0.0,-1.0,0.0,1,5,2,4,1.0,0.0,1.0,0.0,0.0,0.0,-1.0,0.0
f6bb966f-bff6-461e-97ed-a590b60bc71a,2026-01-31 10:07:55.587682+00:00,12,3,6,2,0.0,0.0,0.0,0.0,0.0,0.0,0.0,0.0,1,5,5,2,0.0,0.0,0.0,0.0,0.0,0.0,0.0,0.0
00c6b5b8-0ad3-4b4c-afb9-9dbef83163e8,2026-01-31 10:00:14.334106+00:00,12,3,20,16,0.0,0.375,0.0,3.0,0.0,0.125,0.375,0.125,1,5,5,5,0.0,0.0,0.0,0.0,0.0,0.0,0.0,0.0
ee3245bc-37b4-4ec8-ad37-8e0443d93d27,2026-01-31 09:56:25.955868+00:00,12,3,0,28,,0.07142857142857142,,1.0,,0.0,,,1,5,0,5,,0.2,,1.0,,0.0,,
349ded1d-a2af-41c5-a8b4-2166f3c8d435,2026-01-31 09:56:22.790715+00:00,12,3,4,12,0.0,0.0,0.0,0.0,0.0,0.0,0.0,0.0,1,5,4,5,0.0,0.0,0.0,0.0,0.0,0.0,0.0,0.0
2df9b330-e67a-4a58-81e0-ca6b7edabfe1,2026-01-31 10:01:18.319546+00:00,12,3,8,0,0.25,,1.0,,0.0,,,,1,5,5,0,0.2,,1.0,,0.0,,,
c7200fa4-c437-4868-9337-d4b0812c274e,2026-01-31 09:56:47.965529+00:00,12,3,2,4,0.0,0.5,0.0,1.0,0.0,0.0,0.5,0.0,1,5,2,4,0.0,0.5,0.0,1.0,0.0,0.0,0.5,0.0
71f19971-6c41-4816-8f42-411171893a0b,2026-01-31 09:58:18.828424+00:00,12,3,4,6,0.5,0.0,1.0,0.0,0.0,0.0,-0.5,0.0,1,5,4,5,0.5,0.0,1.0,0.0,0.0,0.0,-0.5,0.0
70cc3543-cc41-4cbf-8f9d-00a258dcc400,2026-01-31 09:56:09.778615+00:00,12,3,0,10,,0.6,,1.0,,0.0,,,1,5,0,5,,0.2,,1.0,,0.0,,
af83aee4-dc14-4494-a243-36053444b718,2026-01-31 10:31:03.988996+00:00,12,3,8,0,0.25,,1.0,,0.0,,,,1,5,5,0,0.4,,1.0,,0.0,,,
0550e149-ba84-440d-bed9-daafdf27c899,2026-01-31 09:55:32.495876+00:00,12,3,0,2,,0.0,,0.0,,0.0,,,1,5,0,2,,0.0,,0.0,,0.0,,
adfe6531-3449-4cfe-8064-7e5732663044,2026-01-31 09:56:08.702799+00:00,12,3,0,22,,0.09090909090909091,,1.0,,0.0,,,1,5,0,5,,0.0,,0.0,,0.0,,
0e977136-8def-4ce7-bcbf-b6d6db2b1796,2026-01-31 09:56:10.686877+00:00,12,3,4,12,0.0,0.0,0.0,0.0,0.0,0.0,0.0,0.0,1,5,4,5,0.0,0.0,0.0,0.0,0.0,0.0,0.0,0.0
343bd3bc-7578-4ae4-815f-6b348d8f52d1,2026-01-31 09:56:08.363524+00:00,12,3,4,22,0.0,0.45454545454545453,0.0,1.0,0.0,0.0,0.45454545454545453,0.0,1,5,4,5,0.0,0.0,0.0,0.0,0.0,0.0,0.0,0.0
7402dca5-2567-4cee-800b-6439d10b19d4,2026-01-31 09:55:40.115501+00:00,12,3,0,2,,1.0,,1.0,,0.0,,,1,5,0,2,,1.0,,1.0,,0.0,,
440d9b4c-c9fb-4d55-a47f-cf276f52f0a8,2026-01-31 10:21:55.682489+00:00,12,3,32,12,0.25,0.3333333333333333,1.0,1.0,0.0,0.0,0.08333333333333331,0.0,1,5,5,5,0.4,0.0,1.0,0.0,0.0,0.0,-0.4,0.0
69c37b18-5b36-4678-8fab-f0a69a93cae7,2026-01-31 09:19:45.629095+00:00,12,3,0,6,,0.0,,0.0,,0.0,,,1,5,0,5,,0.0,,0.0,,0.0,,
f962354d-cb3a-4b51-a540-b944953f2570,2026-01-31 09:13:42.410002+00:00,12,3,6,18,0.0,0.3333333333333333,0.0,1.0,0.0,0.0,0.3333333333333333,0.0,1,5,5,5,0.0,1.0,0.0,1.0,0.0,0.0,1.0,0.0
36f99c0c-26ec-4ddd-9902-756636e7c61f,2026-01-31 09:11:49.834115+00:00,12,3,0,16,,0.0,,0.0,,0.0,,,1,5,0,5,,0.0,,0.0,,0.0,,
e5604fe6-e038-410f-b0ce-eccb51181203,2026-01-31 09:36:33.951184+00:00,12,3,12,6,0.0,0.0,0.0,0.0,0.0,0.0,0.0,0.0,1,5,5,5,0.0,0.0,0.0,0.0,0.0,0.0,0.0,0.0
2ca68432-8509-4229-b211-ce4779d81354,2026-01-31 09:12:52.763368+00:00,12,3,12,36,0.16666666666666666,0.16666666666666666,1.0,1.0,0.0,0.0,0.0,0.0,1,5,5,5,0.0,0.0,0.0,0.0,0.0,0.0,0.0,0.0
cc581741-21be-477d-94dd-610b37aad86d,2026-01-31 09:12:39.399052+00:00,12,3,6,20,0.0,0.0,0.0,0.0,0.0,0.0,0.0,0.0,1,5,5,5,0.0,0.0,0.0,0.0,0.0,0.0,0.0,0.0
abbc3ed7-8683-4783-91fa-c51b7eaeece9,2026-01-31 09:31:13.576949+00:00,12,3,6,2,0.0,0.0,0.0,0.0,0.0,0.0,0.0,0.0,1,5,5,2,0.0,0.0,0.0,0.0,0.0,0.0,0.0,0.0
2f117435-8b66-4675-9268-d12d9fbd89ac,2026-01-31 09:14:37.195097+00:00,12,3,4,10,0.0,0.0,0.0,0.0,0.0,0.0,0.0,0.0,1,5,4,5,0.0,0.0,0.0,0.0,0.0,0.0,0.0,0.0
2a3bfad0-f50d-4d1c-94d0-d8879873bc40,2026-01-31 09:10:44.732328+00:00,12,3,2,42,0.0,0.0,0.0,0.0,0.0,0.0,0.0,0.0,1,5,2,5,0.0,0.0,0.0,0.0,0.0,0.0,0.0,0.0
6eb4b707-1bfe-4e21-a9ae-81dd9872e642,2026-01-31 09:11:07.948010+00:00,12,3,0,8,,0.0,,0.0,,0.0,,,1,5,0,5,,0.0,,0.0,,0.0,,
1fc25bd5-7945-44be-8e68-64f45e34c2e6,2026-01-31 09:10:33.940219+00:00,12,3,0,8,,0.0,,0.0,,0.0,,,1,5,0,5,,0.0,,0.0,,0.0,,
03050946-5f78-4085-941e-f1240df89e07,2026-01-31 09:19:22.952409+00:00,12,3,6,2,0.0,0.0,0.0,0.0,0.0,0.0,0.0,0.0,1,5,5,2,0.0,0.0,0.0,0.0,0.0,0.0,0.0,0.0
5d9cbc29-5988-4707-87b4-1048e312847a,2026-01-31 08:58:47.904821+00:00,12,3,4,0,0.0,,0.0,,0.0,,,,1,5,4,0,0.0,,0.0,,0.0,,,
7adb4cf6-c356-4c25-9e37-a940aef40b70,2026-01-31 08:55:43.404166+00:00,12,3,8,12,0.25,0.16666666666666666,1.0,1.0,0.0,0.0,-0.08333333333333334,0.0,1,5,5,5,0.4,0.4,1.0,1.0,0.0,0.0,0.0,0.0
a9a6c8d5-9403-4ec0-a0a9-bb1c8cfae9af,2026-01-31 08:55:45.417225+00:00,12,3,12,46,0.0,0.13043478260869565,0.0,1.0,0.0,0.0,0.13043478260869565,0.0,1,5,5,5,0.0,0.0,0.0,0.0,0.0,0.0,0.0,0.0
91f90127-295e-48a7-974e-1467bc0461bf,2026-01-31 08:54:49.008282+00:00,12,3,6,0,0.0,,0.0,,0.0,,,,1,5,5,0,0.0,,0.0,,0.0,,,
1ff9431a-8afe-450b-bfaf-506783c8ba3e,2026-01-31 08:53:30.998125+00:00,12,3,0,2,,0.0,,0.0,,0.0,,,1,5,0,2,,0.0,,0.0,,0.0,,
99586de0-41bb-4175-80d0-f138cad07c15,2026-01-31 08:54:39.393908+00:00,12,3,4,44,0.0,0.045454545454545456,0.0,1.0,0.0,0.0,0.045454545454545456,0.0,1,5,4,5,0.0,0.0,0.0,0.0,0.0,0.0,0.0,0.0
c870b208-c6b7-4cba-9860-f55bee8c6fe9,2026-01-31 08:55:23.887831+00:00,12,3,4,38,0.5,0.0,1.0,0.0,0.0,0.0,-0.5,0.0,1,5,4,5,0.5,0.0,1.0,0.0,0.0,0.0,-0.5,0.0
5c42d151-c851-4404-861a-c9c0c1fa033f,2026-01-31 08:53:16.654441+00:00,12,3,4,8,0.0,0.25,0.0,1.0,0.0,0.0,0.25,0.0,1,5,4,5,0.0,0.0,0.0,0.0,0.0,0.0,0.0,0.0
e7de1959-72da-4097-b146-59142c76b6bc,2026-01-31 08:55:01.767728+00:00,12,3,16,2,0.125,0.0,1.0,0.0,0.0,0.0,-0.125,0.0,1,5,5,2,0.0,0.0,0.0,0.0,0.0,0.0,0.0,0.0
5329b265-e214-47c3-aec2-f64605acea30,2026-01-31 08:51:59.066618+00:00,12,3,8,48,0.0,0.08333333333333333,0.0,1.0,0.0,0.0,0.08333333333333333,0.0,1,5,5,5,0.0,0.8,0.0,1.0,0.0,0.0,0.8,0.0
db6e2d14-440a-48ef-8b61-e0285105e225,2026-01-31 08:50:56.583028+00:00,12,3,2,32,0.0,0.4375,0.0,2.0,0.0,0.0,0.4375,0.0,1,5,2,5,0.0,0.8,0.0,2.0,0.0,0.0,0.8,0.0
457d6179-f893-4664-a717-9bd4d98402d4,2026-01-31 08:51:47.546455+00:00,12,3,8,8,0.25,0.0,1.0,0.0,0.0,0.0,-0.25,0.0,1,5,5,5,0.0,0.0,0.0,0.0,0.0,0.0,0.0,0.0
21e55d11-52c2-4422-9baf-dbdef88b76ca,2026-01-31 08:49:29.961529+00:00,12,3,0,28,,0.07142857142857142,,1.0,,0.0,,,1,5,0,5,,0.0,,0.0,,0.0,,
93570192-3a09-4007-b283-264e73da9685,2026-01-31 08:51:16.569709+00:00,12,3,6,16,0.0,0.375,0.0,1.0,0.0,0.0,0.375,0.0,1,5,5,5,0.0,0.6,0.0,1.0,0.0,0.0,0.6,0.0
aa415937-1c59-4d55-ab14-e9b06b7f874e,2026-01-31 08:53:45.264284+00:00,12,3,10,4,0.0,0.0,0.0,0.0,0.0,0.0,0.0,0.0,1,5,5,4,0.0,0.0,0.0,0.0,0.0,0.0,0.0,0.0
50043e01-2046-4b39-bd9f-bbd8f39ed7e8,2026-01-31 08:57:38.602845+00:00,12,3,12,0,0.16666666666666666,,1.0,,0.0,,,,1,5,5,0,0.2,,1.0,,0.0,,,
7222d898-bdeb-4644-a6a8-5612e2011d2e,2026-01-31 09:59:31.195196+00:00,12,3,20,2,0.7,1.0,2.0,1.0,0.0,0.0,0.30000000000000004,0.0,1,5,5,2,1.2,1.0,2.0,1.0,0.0,0.0,-0.19999999999999996,0.0
41087a11-12b5-4d94-aea5-fffac0d9870c,2026-01-31 08:54:40.430525+00:00,12,3,8,0,0.5,,1.0,,0.0,,,,1,5,5,0,0.6,,1.0,,0.0,,,
bea4d2d3-7ff1-4967-b929-41a79a3693d6,2026-01-31 08:51:59.373699+00:00,12,3,12,6,0.3333333333333333,0.0,2.0,0.0,0.0,0.0,-0.3333333333333333,0.0,1,5,5,5,0.0,0.0,0.0,0.0,0.0,0.0,0.0,0.0
478281f2-7c2c-450b-8e12-6bc9b474f664,2026-01-31 08:48:57.234130+00:00,12,3,6,30,0.0,0.13333333333333333,0.0,2.0,0.0,0.0,0.13333333333333333,0.0,1,5,5,5,0.0,0.0,0.0,0.0,0.0,0.0,0.0,0.0
82f8458e-f42b-435f-bec0-ee327931c2f2,2026-01-31 08:59:25.294239+00:00,12,3,18,0,0.3333333333333333,,1.0,,0.0,,,,1,5,5,0,0.2,,1.0,,0.0,,,
07b9d727-99c6-44a1-9b40-5773157d5d05,2026-01-31 08:55:25.164788+00:00,12,3,14,10,0.0,0.0,0.0,0.0,0.0,0.0,0.0,0.0,1,5,5,5,0.0,0.0,0.0,0.0,0.0,0.0,0.0,0.0
82ac1e18-e33e-47b3-8a2c-8a2663825817,2026-01-31 08:48:38.238576+00:00,12,3,8,56,0.0,0.0,0.0,0.0,0.0,0.0,0.0,0.0,1,5,5,5,0.0,0.0,0.0,0.0,0.0,0.0,0.0,0.0
a11d54b8-4deb-4975-aec1-574556ba68a1,2026-01-31 08:48:38.358566+00:00,12,3,0,10,,0.8,,1.0,,0.0,,,1,5,0,5,,1.0,,1.0,,0.0,,
96fb5f97-de92-4b0b-bbe7-0e6dc9aadd36,2026-01-31 08:47:37.278638+00:00,12,3,0,6,,0.0,,0.0,,0.0,,,1,5,0,5,,0.0,,0.0,,0.0,,
55d5fdd1-a486-47e9-a688-8ca57fc5c5dd,2026-01-31 08:48:02.742097+00:00,12,3,0,0,,,,,,,,,1,5,0,0,,,,,,,,
01f0ca5c-5501-48d8-9fd5-b059bef51435,2026-01-31 08:48:31.941786+00:00,12,3,2,8,0.0,0.75,0.0,1.0,0.0,0.0,0.75,0.0,1,5,2,5,0.0,1.0,0.0,1.0,0.0,0.0,1.0,0.0
010a2252-0bc8-4b4a-83f5-7c6baba9d622,2026-01-31 08:48:42.003335+00:00,12,3,8,12,0.0,0.16666666666666666,0.0,1.0,0.0,0.0,0.16666666666666666,0.0,1,5,5,5,0.0,0.4,0.0,1.0,0.0,0.0,0.4,0.0
f89c36a4-c70b-4d8d-989a-4496113e503c,2026-01-31 08:48:57.541088+00:00,12,3,2,10,0.0,0.2,0.0,1.0,0.0,0.0,0.2,0.0,1,5,2,5,0.0,0.4,0.0,1.0,0.0,0.0,0.4,0.0
5af26e8a-090f-4857-9f68-142eced0a82e,2026-01-31 08:49:08.657994+00:00,12,3,10,68,0.0,0.029411764705882353,0.0,1.0,0.0,0.0,0.029411764705882353,0.0,1,5,5,5,0.0,0.2,0.0,1.0,0.0,0.0,0.2,0.0
aca49724-3b52-4181-a04c-55c9d7ceaca1,2026-01-31 08:53:48.671962+00:00,12,3,4,0,0.0,,0.0,,0.0,,,,1,5,4,0,0.0,,0.0,,0.0,,,
a370ae7d-85bd-4fc9-81a8-6ea08e4abfd2,2026-01-31 08:55:21.336040+00:00,12,3,2,0,0.0,,0.0,,0.0,,,,1,5,2,0,0.0,,0.0,,0.0,,,
00758160-1f87-451d-a364-4226d0595c1f,2026-01-31 08:47:26.511234+00:00,12,3,0,6,,0.0,,0.0,,0.0,,,1,5,0,5,,0.0,,0.0,,0.0,,
5173e65f-fe40-43af-b1ce-4837143cc799,2026-01-31 08:47:12.727538+00:00,12,3,0,14,,0.14285714285714285,,1.0,,0.0,,,1,5,0,5,,0.0,,0.0,,0.0,,
a6f1ba82-1de9-474b-9c0d-79ff6b171b7a,2026-01-31 09:13:25.183959+00:00,12,3,14,0,0.42857142857142855,,1.0,,0.0,,,,1,5,5,0,0.0,,0.0,,0.0,,,
a3f52205-1a5c-447a-944b-2625aee7a007,2026-01-31 08:48:22.816559+00:00,12,3,4,4,0.0,0.5,0.0,1.0,0.0,0.0,0.5,0.0,1,5,4,4,0.0,0.5,0.0,1.0,0.0,0.0,0.5,0.0
0a3813cb-8d93-4a45-84a7-851ce4061166,2026-01-31 08:46:07.392649+00:00,12,3,0,6,,0.0,,0.0,,0.0,,,1,5,0,5,,0.0,,0.0,,0.0,,
3a97e31c-ae64-4d2a-bc9e-688fd89be4d0,2026-01-31 08:48:26.109168+00:00,12,3,2,0,0.0,,0.0,,0.0,,,,1,5,2,0,0.0,,0.0,,0.0,,,
453c1e1a-1140-4331-9af0-dd9f5e02e44a,2026-01-31 08:46:13.809341+00:00,12,3,2,18,0.0,0.4444444444444444,0.0,2.0,0.0,0.0,0.4444444444444444,0.0,1,5,2,5,0.0,0.4,0.0,2.0,0.0,0.0,0.4,0.0
4ba6d399-4c80-4997-a9bb-8d09888317cc,2026-01-31 08:46:23.906680+00:00,12,3,2,6,0.0,0.0,0.0,0.0,0.0,0.0,0.0,0.0,1,5,2,5,0.0,0.0,0.0,0.0,0.0,0.0,0.0,0.0
bc9ecf67-604a-49cd-ab09-24b119a90c7d,2026-01-31 08:46:43.786496+00:00,12,3,8,8,0.0,0.5,0.0,1.0,0.0,0.0,0.5,0.0,1,5,5,5,0.0,0.6,0.0,1.0,0.0,0.0,0.6,0.0
5f82fb02-6766-4ffa-a729-f4121ee6ba66,2026-01-31 08:45:36.639254+00:00,12,3,0,44,,0.36363636363636365,,2.0,,0.0,,,1,5,0,5,,0.0,,0.0,,0.0,,
b3d67825-021c-4b0d-984f-a209898f4642,2026-01-31 08:44:31.778385+00:00,12,3,4,12,0.0,0.16666666666666666,0.0,1.0,0.0,0.0,0.16666666666666666,0.0,1,5,4,5,0.0,0.0,0.0,0.0,0.0,0.0,0.0,0.0
9f7c9754-98b9-4c63-b6ad-af7b1dfb594d,2026-01-31 08:46:03.783873+00:00,12,3,6,4,0.0,0.5,0.0,1.0,0.0,0.0,0.5,0.0,1,5,5,4,0.0,0.5,0.0,1.0,0.0,0.0,0.5,0.0
3a7f0c93-0f64-4be6-975c-a00ffbce26d3,2026-01-31 08:44:08.841555+00:00,12,3,0,6,,0.0,,0.0,,0.0,,,1,5,0,5,,0.0,,0.0,,0.0,,
4490fa07-6a1d-4c94-89f4-c8910c62f381,2026-01-31 08:44:00.119324+00:00,12,3,0,12,,0.16666666666666666,,1.0,,0.0,,,1,5,0,5,,0.0,,0.0,,0.0,,
353a5d09-2f35-4db6-bf66-a572af454a38,2026-01-31 08:43:28.409561+00:00,12,3,0,2,,0.0,,0.0,,0.0,,,1,5,0,2,,0.0,,0.0,,0.0,,
aa882c9a-1a7e-453d-858e-64cd69e9929d,2026-01-31 08:44:10.145332+00:00,12,3,2,6,0.0,0.0,0.0,0.0,0.0,0.0,0.0,0.0,1,5,2,5,0.0,0.0,0.0,0.0,0.0,0.0,0.0,0.0
339a69ac-1f4b-428e-9e0e-ccb1d5de9ba1,2026-01-31 08:42:46.268441+00:00,12,3,2,14,0.0,0.14285714285714285,0.0,1.0,0.0,0.0,0.14285714285714285,0.0,1,5,2,5,0.0,0.0,0.0,0.0,0.0,0.0,0.0,0.0
4425576d-6cb8-4722-9593-acd5cae8fff0,2026-01-31 08:43:09.449945+00:00,12,3,4,0,0.0,,0.0,,0.0,,,,1,5,4,0,0.0,,0.0,,0.0,,,
e99608fe-0cb6-4761-8297-7f177a264ab4,2026-01-31 08:51:25.827225+00:00,12,3,10,0,0.4,,1.0,,0.0,,,,1,5,5,0,0.2,,1.0,,0.0,,,
23442378-1b15-4922-b2c1-c1e0d13bc997,2026-01-31 08:44:23.384955+00:00,12,3,4,4,1.0,0.0,1.0,0.0,0.0,0.0,-1.0,0.0,1,5,4,4,1.0,0.0,1.0,0.0,0.0,0.0,-1.0,0.0
e981e306-28e4-4f9b-b12b-cd7d56678473,2026-01-31 08:44:42.582005+00:00,12,3,8,4,0.25,0.0,1.0,0.0,0.0,0.0,-0.25,0.0,1,5,5,4,0.4,0.0,1.0,0.0,0.0,0.0,-0.4,0.0
797b7de7-68cc-47ee-870c-3ec1117907ba,2026-01-31 08:44:49.607023+00:00,12,3,12,0,0.6666666666666666,,2.0,,0.0,,,,1,5,5,0,1.2,,2.0,,0.0,,,
f2afa2e3-bd91-4e1c-839c-e1e867c5cd84,2026-01-31 08:58:39.918358+00:00,12,3,16,4,0.0,0.0,0.0,0.0,0.0,0.0,0.0,0.0,1,5,5,4,0.0,0.0,0.0,0.0,0.0,0.0,0.0,0.0
f8b3a7c4-d468-4ece-add0-f28b2063f88d,2026-01-31 08:43:59.197961+00:00,12,3,4,58,0.0,0.034482758620689655,0.0,1.0,0.0,0.0,0.034482758620689655,0.0,1,5,4,5,0.0,0.4,0.0,1.0,0.0,0.0,0.4,0.0
80678068-ee14-4c0d-bafc-2354d879b584,2026-01-31 08:41:34.683615+00:00,12,3,2,6,0.0,0.3333333333333333,0.0,1.0,0.0,0.0,0.3333333333333333,0.0,1,5,2,5,0.0,0.2,0.0,1.0,0.0,0.0,0.2,0.0
97acc833-1a9c-44eb-8b0c-f49c58840346,2026-01-31 08:44:54.875256+00:00,12,3,2,0,0.0,,0.0,,0.0,,,,1,5,2,0,0.0,,0.0,,0.0,,,
c5363bb1-06ef-4854-bbdd-352d770feba3,2026-01-31 08:43:09.972154+00:00,12,3,4,4,0.0,0.0,0.0,0.0,0.0,0.0,0.0,0.0,1,5,4,4,0.0,0.0,0.0,0.0,0.0,0.0,0.0,0.0
307fc4df-7dfa-4a2b-9c42-b7d8c471a02c,2026-01-31 08:43:10.185377+00:00,12,3,4,2,0.0,0.0,0.0,0.0,0.0,0.0,0.0,0.0,1,5,4,2,0.0,0.0,0.0,0.0,0.0,0.0,0.0,0.0
fdf4d2c9-9b4d-410f-ba01-314702673ae4,2026-01-31 08:43:03.562110+00:00,12,3,10,64,0.2,0.0,1.0,0.0,0.0,0.0,-0.2,0.0,1,5,5,5,0.0,0.0,0.0,0.0,0.0,0.0,0.0,0.0
b2778758-7ec4-4597-98f6-1e5bb843ad21,2026-01-31 08:41:50.761212+00:00,12,3,8,4,0.5,0.5,1.0,1.0,0.0,0.0,0.0,0.0,1,5,5,4,0.4,0.5,1.0,1.0,0.0,0.0,0.09999999999999998,0.0
2849773d-98f7-4f80-b3a2-7c592f371ad0,2026-01-31 08:41:21.501330+00:00,12,3,4,8,0.0,0.0,0.0,0.0,0.0,0.0,0.0,0.0,1,5,4,5,0.0,0.0,0.0,0.0,0.0,0.0,0.0,0.0
9b7333e3-1e6b-4075-9cea-3eb197f4c288,2026-01-31 08:43:40.884477+00:00,12,3,10,0,0.2,,1.0,,0.0,,,,1,5,5,0,0.4,,1.0,,0.0,,,
c3e8dedc-1e4f-4ad7-a3d0-d08246ff1d2c,2026-01-31 08:41:14.903464+00:00,12,3,8,8,0.25,0.0,1.0,0.0,0.0,0.0,-0.25,0.0,1,5,5,5,0.4,0.0,1.0,0.0,0.0,0.0,-0.4,0.0
1e70c814-3ba3-45a1-970b-5c7d9074596b,2026-01-31 08:40:51.583426+00:00,12,3,0,16,,0.625,,2.0,,0.0,,,1,5,0,5,,0.0,,0.0,,0.0,,
f25b7fd3-b0d1-4e3f-ad34-807cfb5d976e,2026-01-31 08:39:53.789230+00:00,12,3,0,12,,0.0,,0.0,,0.0,,,1,5,0,5,,0.0,,0.0,,0.0,,
5bcab17d-ee63-4f98-bbdd-eb81c7727e04,2026-01-31 08:43:37.859558+00:00,12,3,6,2,0.6666666666666666,2.0,2.0,2.0,0.0,0.0,1.3333333333333335,0.0,1,5,5,2,0.4,2.0,2.0,2.0,0.0,0.0,1.6,0.0
f43f6f2c-4397-48bb-b95d-d3fa527ce63a,2026-01-31 08:57:41.955673+00:00,12,3,10,2,0.0,0.0,0.0,0.0,0.0,0.0,0.0,0.0,1,5,5,2,0.0,0.0,0.0,0.0,0.0,0.0,0.0,0.0
50961213-60db-469b-932c-885f43c2719e,2026-01-31 08:39:49.848569+00:00,12,3,4,30,0.0,0.0,0.0,0.0,0.0,0.0,0.0,0.0,1,5,4,5,0.0,0.0,0.0,0.0,0.0,0.0,0.0,0.0
8d61e5fb-ffe7-4473-96d2-0bd1b4554c1b,2026-01-31 08:40:12.293084+00:00,12,3,0,26,,0.07692307692307693,,1.0,,0.0,,,1,5,0,5,,0.0,,0.0,,0.0,,
4b281f45-0ddb-4011-bc75-0c11e7df7d0d,2026-01-31 08:49:34.551573+00:00,12,3,10,48,0.0,0.041666666666666664,0.0,1.0,0.0,0.0,0.041666666666666664,0.0,1,5,5,5,0.0,0.4,0.0,1.0,0.0,0.0,0.4,0.0
c88c95f9-8b20-4a41-8ff9-dcc0871fdf8b,2026-01-31 09:33:53.951222+00:00,12,3,8,0,0.0,,0.0,,0.0,,,,1,5,5,0,0.0,,0.0,,0.0,,,
18e2a7d2-1320-45c0-9d1b-354e9b5b4be0,2026-01-31 08:41:14.362638+00:00,12,3,4,4,0.5,1.0,1.0,2.0,0.0,0.0,0.5,0.0,1,5,4,4,0.5,1.0,1.0,2.0,0.0,0.0,0.5,0.0
04df8085-f975-41f6-9ddc-4027d07d1067,2026-01-31 09:32:51.910697+00:00,12,3,2,0,0.0,,0.0,,0.0,,,,1,5,2,0,0.0,,0.0,,0.0,,,
1ce75c0c-1f0b-43f4-9f00-4941a35c358d,2026-01-31 09:33:38.769992+00:00,12,3,8,0,0.0,,0.0,,0.0,,,,1,5,5,0,0.0,,0.0,,0.0,,,
4de197b7-65a7-4301-b52f-051532a1c16d,2026-01-31 08:39:22.367815+00:00,12,3,4,4,0.0,0.0,0.0,0.0,0.0,0.0,0.0,0.0,1,5,4,4,0.0,0.0,0.0,0.0,0.0,0.0,0.0,0.0
0068154f-7ffc-4006-b1e3-7bfbec7f6b4d,2026-01-31 09:33:56.900524+00:00,12,3,6,0,0.0,,0.0,,0.0,,,,1,5,5,0,0.0,,0.0,,0.0,,,
1dfc129f-1d02-4db3-b53c-845b0a77b596,2026-01-31 08:39:32.369561+00:00,12,3,4,2,0.0,1.0,0.0,1.0,0.0,0.0,1.0,0.0,1,5,4,2,0.0,1.0,0.0,1.0,0.0,0.0,1.0,0.0
a2a321a5-9418-40fa-a59b-534f94e21fef,2026-01-31 08:38:35.491398+00:00,12,3,6,8,0.0,0.0,0.0,0.0,0.0,0.0,0.0,0.0,1,5,5,5,0.0,0.0,0.0,0.0,0.0,0.0,0.0,0.0
418939b7-1d23-44b7-84c9-775c1140994e,2026-01-31 08:40:01.358316+00:00,12,3,10,4,0.4,1.5,2.0,2.0,0.0,0.0,1.1,0.0,1,5,5,4,0.4,1.5,2.0,2.0,0.0,0.0,1.1,0.0
573435ab-11f4-40c5-8d08-fcb23538da8a,2026-01-31 08:38:01.469657+00:00,12,3,0,12,,0.0,,0.0,,0.0,,,1,5,0,5,,0.0,,0.0,,0.0,,
1cc692cc-d090-453f-a4be-2e952cba80fb,2026-01-31 09:33:35.534595+00:00,12,3,12,0,0.3333333333333333,,1.0,,0.0,,,,1,5,5,0,0.0,,0.0,,0.0,,,
84e4a6b6-5c6e-4cbc-9eaf-60003992efdc,2026-01-31 08:44:34.649871+00:00,12,3,8,42,0.5,0.3333333333333333,1.0,1.0,0.0,0.0,-0.16666666666666669,0.0,1,5,5,5,0.6,0.0,1.0,0.0,0.0,0.0,-0.6,0.0
5e96a27d-cc15-4157-9a4d-c3fb523761e2,2026-01-31 08:38:16.516984+00:00,12,3,2,48,0.0,0.125,0.0,2.0,0.0,0.0,0.125,0.0,1,5,2,5,0.0,0.0,0.0,0.0,0.0,0.0,0.0,0.0
66766bd6-b974-4bfb-ae2b-ccc9495448dd,2026-01-31 09:33:33.976470+00:00,12,3,4,0,0.0,,0.0,,0.0,,,,1,5,4,0,0.0,,0.0,,0.0,,,
151b65c1-2cdd-48e9-b369-5a9d10f995a0,2026-01-31 08:38:50.674314+00:00,12,3,4,4,1.0,0.0,2.0,0.0,0.0,0.0,-1.0,0.0,1,5,4,4,1.0,0.0,2.0,0.0,0.0,0.0,-1.0,0.0
3c3dfa66-494e-49cc-afdb-ff4fe6f464c6,2026-01-31 08:39:08.422248+00:00,12,3,6,4,0.3333333333333333,1.0,1.0,2.0,0.0,0.0,0.6666666666666667,0.0,1,5,5,4,0.4,1.0,1.0,2.0,0.0,0.0,0.6,0.0
cbda7a4d-ee4c-4806-98fe-111bc99d5fe7,2026-01-31 08:36:31.178592+00:00,12,3,0,4,,0.0,,0.0,,0.0,,,1,5,0,4,,0.0,,0.0,,0.0,,
bf17cb10-6589-4c38-8835-f3fb1813bbbf,2026-01-31 08:36:11.430470+00:00,12,3,0,8,,0.0,,0.0,,0.0,,,1,5,0,5,,0.0,,0.0,,0.0,,
