post_id,E,H_hours,n_comments,early_count_T,early_corrected_E,early_corrected_H,max_di_early,mean_di_early,esc_high_after_E,max_di_after_E,mean_di_after_E,n_downstream_after_E,di_post,di_bin,vol_bin,early_di_bin
0068154f-7ffc-4006-b1e3-7bfbec7f6b4d,5,6,8,8,0,1,0,0.0,0,0,0.0,3,0,DI=0,1,earlyDI=0
00758160-1f87-451d-a364-4226d0595c1f,5,6,8,8,1,1,0,0.0,0,0,0.0,3,0,DI=0,1,earlyDI=0
00bf2d2a-06bf-4a28-8c16-ac78ceb0877d,5,6,4,4,1,1,0,0.0,0,0,0.0,0,2,DI>0,0,earlyDI=0
00c6b5b8-0ad3-4b4c-afb9-9dbef83163e8,5,6,38,38,0,1,0,0.0,1,3,0.18181818181818182,33,0,DI=0,2,earlyDI=0
01007461-18d2-48f0-86a6-37c6dd7681d7,5,6,2,2,0,0,0,0.0,0,0,0.0,0,0,DI=0,0,earlyDI=0
010a2252-0bc8-4b4a-83f5-7c6baba9d622,5,6,22,22,0,1,0,0.0,0,1,0.11764705882352941,17,0,DI=0,2,earlyDI=0
01686456-78a8-41b5-8d7f-8e234ffecbcc,5,6,20,20,1,1,0,0.0,0,0,0.0,15,0,DI=0,2,earlyDI=0
0191aa3a-b62b-4ace-8655-00ef1ae936b5,5,6,32,32,0,1,0,0.0,0,0,0.0,27,2,DI>0,2,earlyDI=0
01f0ca5c-5501-48d8-9fd5-b059bef51435,5,6,12,12,1,1,1,0.6,0,1,0.7142857142857143,7,0,DI=0,1,earlyDI>0
021087fc-405d-45cb-adbe-d2c1eca9d92b,5,6,14,14,0,0,0,0.0,0,1,0.2222222222222222,9,3,DI>0,2,earlyDI=0
0267d4bf-780e-4f2d-bf23-f14f669e0d7b,5,6,10,10,0,0,0,0.0,0,0,0.0,5,0,DI=0,1,earlyDI=0
02e5043e-a273-4524-bb70-42fdad6ebc63,5,6,12,12,0,0,0,0.0,0,0,0.0,7,0,DI=0,1,earlyDI=0
03050946-5f78-4085-941e-f1240df89e07,5,6,10,10,0,1,0,0.0,0,0,0.0,5,0,DI=0,1,earlyDI=0
03911244-54e3-4a3f-b2ec-6434f9ff4c44,5,6,10,10,0,0,0,0.0,0,2,0.8,5,0,DI=0,1,earlyDI=0
0435e57c-4562-45e4-bf92-4e9cb9a34fbb,5,6,4,4,0,0,0,0.0,0,0,0.0,0,0,DI=0,0,earlyDI=0
047cb0cf-090a-4a40-9382-31680e0b88d5,5,6,20,20,0,0,0,0.0,0,0,0.0,15,0,DI=0,2,earlyDI=0
04be12ef-6ccd-45a6-8875-e142e5b30f07,5,6,4,4,0,0,0,0.0,0,0,0.0,0,0,DI=0,0,earlyDI=0
04df8085-f975-41f6-9ddc-4027d07d1067,5,6,4,4,1,1,0,0.0,0,0,0.0,0,0,DI=0,0,earlyDI=0
053c03c2-68d6-4671-9cf4-f946226ca2a0,5,6,8,8,0,0,0,0.0,0,1,0.6666666666666666,3,0,DI=0,1,earlyDI=0
0550e149-ba84-440d-bed9-daafdf27c899,5,6,4,4,1,1,0,0.0,0,0,0.0,0,0,DI=0,0,earlyDI=0
06e33d9d-1d90-4d1a-8532-62d061f7267f,5,6,10,10,0,0,1,0.4,0,1,0.8,5,0,DI=0,1,earlyDI>0
06fde151-780e-49ae-8cb2-7720286c6e2f,5,6,16,16,1,1,1,0.4,0,0,0.0,11,1,DI>0,2,earlyDI>0
07b9d727-99c6-44a1-9b40-5773157d5d05,5,6,26,26,0,1,0,0.0,0,1,0.09523809523809523,21,0,DI=0,2,earlyDI=0
08525d92-9f03-4ec8-81e3-5d4a69cbe4b2,5,6,12,12,0,0,0,0.0,0,0,0.0,7,0,DI=0,1,earlyDI=0
0a3813cb-8d93-4a45-84a7-851ce4061166,5,6,8,8,1,1,0,0.0,0,0,0.0,3,0,DI=0,1,earlyDI=0
0a482d07-1b28-430a-8be0-32c9b4246c2b,5,6,8,8,0,0,0,0.0,0,0,0.0,3,0,DI=0,1,earlyDI=0
0ac025e4-24e3-4339-a73f-e4ca0701c259,5,6,10,10,0,0,1,0.6,0,1,1.0,5,1,DI>0,1,earlyDI>0
0ae94a03-6ddb-4d62-aea3-6f962e783104,5,6,22,22,0,1,1,0.6,0,1,0.058823529411764705,17,0,DI=0,2,earlyDI>0
0b56559c-2818-47b1-8bbb-56aeb99ba5f0,5,6,4,4,1,1,1,1.0,0,0,0.0,0,4,DI>0,0,earlyDI>0
0c55aaa2-5476-4c9c-84c0-5e8903bec3b0,5,6,8,8,0,0,0,0.0,0,1,0.6666666666666666,3,0,DI=0,1,earlyDI=0
0c9b9f40-db9e-4c2e-9182-d2b78e4c25ae,5,6,6,6,1,1,0,0.0,0,0,0.0,1,0,DI=0,0,earlyDI=0
0d6f9c0e-3322-4224-94a2-aa405246a41d,5,6,8,8,1,1,0,0.0,0,0,0.0,3,0,DI=0,1,earlyDI=0
0e01fd04-ae37-4392-877d-dc529578e060,5,6,10,10,0,0,0,0.0,0,0,0.0,5,0,DI=0,1,earlyDI=0
0e977136-8def-4ce7-bcbf-b6d6db2b1796,5,6,18,18,1,1,3,0.6,1,3,0.23076923076923078,13,3,DI>0,2,earlyDI>0
0f0fc77e-9954-4136-baf1-dcad6159ceea,5,6,24,24,0,0,0,0.0,0,1,0.21052631578947367,19,7,DI>0,2,earlyDI=0
0f5719e8-f369-446b-bd8a-991aa19172f9,5,6,2,2,0,0,0,0.0,0,0,0.0,0,0,DI=0,0,earlyDI=0
0f983c69-e54d-4915-ad12-9757fdcf28e1,5,6,8,8,0,0,0,0.0,0,0,0.0,3,0,DI=0,1,earlyDI=0
0fb404ee-be61-4f6e-a01d-1665228caefa,5,6,20,20,0,0,0,0.0,0,0,0.0,15,1,DI>0,2,earlyDI=0
1014de5d-1dfa-49cf-9015-44834598f068,5,6,14,14,0,0,0,0.0,0,2,0.4444444444444444,9,0,DI=0,2,earlyDI=0
151b65c1-2cdd-48e9-b369-5a9d10f995a0,5,6,10,10,1,1,2,1.0,0,1,0.2,5,1,DI>0,1,earlyDI>0
165ba940-7b24-42f0-a7b0-d592fcf337f4,5,6,6,6,0,0,0,0.0,0,0,0.0,1,0,DI=0,0,earlyDI=0
16e0a627-9d31-4443-9be0-b4bcc94e472b,5,6,14,14,0,0,0,0.0,0,0,0.0,9,0,DI=0,2,earlyDI=0
1807327f-ca16-4807-a037-634564197578,5,6,6,6,0,0,0,0.0,0,0,0.0,1,1,DI>0,0,earlyDI=0
18e2a7d2-1320-45c0-9d1b-354e9b5b4be0,5,6,10,10,1,1,1,0.6,0,2,1.0,5,2,DI>0,1,earlyDI>0
1903938e-b5ae-4d38-8550-fb1c57e92f4f,5,6,10,10,1,1,1,0.6,0,1,0.2,5,0,DI=0,1,earlyDI>0
199876a6-ca85-4980-8c16-ed77c0943756,5,6,10,10,0,0,0,0.0,0,0,0.0,5,0,DI=0,1,earlyDI=0
1ae1eaa1-c512-4ddd-a0df-6ff910689a78,5,6,8,8,0,0,0,0.0,0,0,0.0,3,0,DI=0,1,earlyDI=0
1af10c79-9257-412d-adba-c7fbcce57624,5,6,4,4,0,0,0,0.0,0,0,0.0,0,0,DI=0,0,earlyDI=0
1cc692cc-d090-453f-a4be-2e952cba80fb,5,6,14,14,0,1,1,0.8,0,0,0.0,9,0,DI=0,2,earlyDI>0
1ce02755-1d70-4643-8a8d-1e3eeef63f9c,5,6,4,4,0,0,0,0.0,0,0,0.0,0,1,DI>0,0,earlyDI=0
1ce75c0c-1f0b-43f4-9f00-4941a35c358d,5,6,10,10,0,1,0,0.0,0,0,0.0,5,0,DI=0,1,earlyDI=0
1dfc129f-1d02-4db3-b53c-845b0a77b596,5,6,8,8,1,1,0,0.0,0,1,0.6666666666666666,3,1,DI>0,1,earlyDI=0
1e70c814-3ba3-45a1-970b-5c7d9074596b,5,6,18,18,1,1,1,0.4,0,2,0.7692307692307693,13,1,DI>0,2,earlyDI>0
1fc25bd5-7945-44be-8e68-64f45e34c2e6,5,6,10,10,1,1,0,0.0,0,0,0.0,5,0,DI=0,1,earlyDI=0
1fd88d6e-7525-406b-a1bd-a32c107863f2,5,6,2,2,0,0,0,0.0,0,0,0.0,0,0,DI=0,0,earlyDI=0
1ff9431a-8afe-450b-bfaf-506783c8ba3e,5,6,4,4,1,1,0,0.0,0,0,0.0,0,2,DI>0,0,earlyDI=0
207ce675-2529-40fd-a4b2-f78e755265ad,5,6,2,2,0,0,0,0.0,0,0,0.0,0,0,DI=0,0,earlyDI=0
2093121d-b895-4828-9805-85fd3619392a,5,6,6,6,0,0,0,0.0,0,0,0.0,1,1,DI>0,0,earlyDI=0
20932c03-92a1-4b65-831f-969fde380462,5,6,6,6,0,0,0,0.0,0,0,0.0,1,0,DI=0,0,earlyDI=0
20a50b52-0137-4f7a-af6c-8e14261d996b,5,6,8,8,0,0,2,0.8,0,0,0.0,3,0,DI=0,1,earlyDI>0
20d3e8d8-dab4-4644-b959-c50aa5086dda,5,6,12,12,1,1,1,0.4,0,0,0.0,7,2,DI>0,1,earlyDI>0
2145521a-2aa2-45af-b4a1-c190c102262a,5,6,8,8,0,0,0,0.0,0,1,0.6666666666666666,3,0,DI=0,1,earlyDI=0
21e55d11-52c2-4422-9baf-dbdef88b76ca,5,6,30,30,1,1,0,0.0,0,1,0.08,25,1,DI>0,2,earlyDI=0
23442378-1b15-4922-b2c1-c1e0d13bc997,5,6,10,10,1,1,1,1.0,0,1,0.2,5,1,DI>0,1,earlyDI>0
26010d26-41f1-4c07-8ed8-ac850f28d0a2,5,6,2,2,0,0,0,0.0,0,0,0.0,0,0,DI=0,0,earlyDI=0
26176e87-d167-499c-91bd-87f6abf95d89,5,6,6,6,0,0,0,0.0,0,0,0.0,1,0,DI=0,0,earlyDI=0
268fc0c8-20b4-4930-8aca-106feaf23b7d,5,6,4,4,0,0,0,0.0,0,0,0.0,0,1,DI>0,0,earlyDI=0
273cc6bd-52e0-4ffd-8d8a-63c6a4bb4d28,5,6,12,12,0,0,0,0.0,0,0,0.0,7,0,DI=0,1,earlyDI=0
27e5be3b-02ff-417e-bcff-5422ea7e68e7,5,6,6,6,0,0,2,1.2,0,2,2.0,1,0,DI=0,0,earlyDI>0
2849773d-98f7-4f80-b3a2-7c592f371ad0,5,6,14,14,1,1,0,0.0,0,0,0.0,9,0,DI=0,2,earlyDI=0
28918b44-34f7-41d3-802f-9fc8c511378e,5,6,22,22,0,0,0,0.0,0,2,0.35294117647058826,17,1,DI>0,2,earlyDI=0
28fef1ad-ab48-4bdf-b3af-8b9a9f2fd1e5,5,6,20,20,1,1,0,0.0,0,1,0.26666666666666666,15,3,DI>0,2,earlyDI=0
2934de5b-9c38-43b0-9604-0e8e00f5505f,5,6,8,8,0,0,1,0.4,0,1,0.6666666666666666,3,1,DI>0,1,earlyDI>0
2a3bfad0-f50d-4d1c-94d0-d8879873bc40,5,6,46,46,1,1,0,0.0,0,0,0.0,41,0,DI=0,2,earlyDI=0
2a921373-6d4e-40c4-ba7d-991e6e1f8109,5,6,2,2,0,0,0,0.0,0,0,0.0,0,0,DI=0,0,earlyDI=0
2bde4dfd-46eb-4948-be5c-b9e12564c38e,5,6,8,8,1,1,1,0.4,0,0,0.0,3,2,DI>0,1,earlyDI>0
2c24688d-7fba-4c01-a162-57cc486aeb8e,5,6,4,4,0,0,0,0.0,0,0,0.0,0,1,DI>0,0,earlyDI=0
2ca68432-8509-4229-b211-ce4779d81354,5,6,50,50,0,1,1,0.4,0,1,0.13333333333333333,45,2,DI>0,2,earlyDI>0
2df9b330-e67a-4a58-81e0-ca6b7edabfe1,5,6,10,10,0,1,1,0.4,0,0,0.0,5,1,DI>0,1,earlyDI>0
2e8af016-83bb-400b-83b5-33cab61bf885,5,6,6,6,0,0,0,0.0,0,0,0.0,1,0,DI=0,0,earlyDI=0
2f117435-8b66-4675-9268-d12d9fbd89ac,5,6,16,16,1,1,0,0.0,0,0,0.0,11,0,DI=0,2,earlyDI=0
2fcacc6a-a21c-42a3-b8b1-20f137368eb8,5,6,4,4,1,1,0,0.0,0,0,0.0,0,0,DI=0,0,earlyDI=0
2ffcc066-1ce4-407c-b837-caf219ccf3d4,5,6,14,14,0,0,1,0.2,0,1,0.3333333333333333,9,1,DI>0,2,earlyDI>0
307fc4df-7dfa-4a2b-9c42-b7d8c471a02c,5,6,8,8,1,1,0,0.0,0,0,0.0,3,1,DI>0,1,earlyDI=0
30ce9c68-884f-40e5-bb61-3169956af3ad,5,6,8,8,0,0,1,0.6,0,1,1.0,3,2,DI>0,1,earlyDI>0
3103c28f-4470-49ae-a06c-d1e27d0445cb,5,6,4,4,0,0,1,0.5,0,0,0.0,0,3,DI>0,0,earlyDI>0
312d7480-7ec3-4534-a160-b1dabcd40e8c,5,6,16,16,0,0,0,0.0,0,1,0.18181818181818182,11,5,DI>0,2,earlyDI=0
339a69ac-1f4b-428e-9e0e-ccb1d5de9ba1,5,6,18,18,1,1,0,0.0,0,1,0.15384615384615385,13,0,DI=0,2,earlyDI=0
343bd3bc-7578-4ae4-815f-6b348d8f52d1,5,6,28,28,1,1,0,0.0,0,1,0.43478260869565216,23,0,DI=0,2,earlyDI=0
349ded1d-a2af-41c5-a8b4-2166f3c8d435,5,6,18,18,1,1,0,0.0,0,0,0.0,13,2,DI>0,2,earlyDI=0
353a5d09-2f35-4db6-bf66-a572af454a38,5,6,4,4,1,1,0,0.0,0,0,0.0,0,0,DI=0,0,earlyDI=0
355ef0d6-56e2-4b52-bd0d-b09e8f3ef07d,5,6,8,8,0,0,0,0.0,0,0,0.0,3,0,DI=0,1,earlyDI=0
356b3f83-e9a8-4d12-a18f-e11740937544,5,6,2,2,0,0,0,0.0,0,0,0.0,0,0,DI=0,0,earlyDI=0
35d59151-cf52-40e9-95ae-dd7374be87a6,5,6,22,22,0,1,0,0.0,0,1,0.11764705882352941,17,0,DI=0,2,earlyDI=0
36b899f5-3fc9-4082-bb03-02fd86f14504,5,6,14,14,0,1,0,0.0,0,0,0.0,9,0,DI=0,2,earlyDI=0
36f99c0c-26ec-4ddd-9902-756636e7c61f,5,6,18,18,1,1,2,0.8,0,0,0.0,13,1,DI>0,2,earlyDI>0
37252dad-a5b3-4f51-9fc0-0c01768f01f9,5,6,22,22,0,1,0,0.0,0,0,0.0,17,0,DI=0,2,earlyDI=0
37f18a94-c95b-4301-96ea-fb3b38aa6a5e,5,6,14,14,0,1,0,0.0,0,1,0.4444444444444444,9,0,DI=0,2,earlyDI=0
38c511f7-d5dd-441d-9349-9fd515a0ba41,5,6,8,8,0,0,0,0.0,0,0,0.0,3,0,DI=0,1,earlyDI=0
38d2b374-47a4-4e59-8889-c9be5a090440,5,6,6,6,0,0,1,0.2,0,1,1.0,1,0,DI=0,0,earlyDI>0
393722f4-3208-4711-9cfa-ba9d1c0f48c7,5,6,6,6,1,1,0,0.0,0,0,0.0,1,3,DI>0,0,earlyDI=0
39758b3c-8670-4203-b049-eae13669abf8,5,6,16,16,0,1,1,0.6,1,3,0.6363636363636364,11,2,DI>0,2,earlyDI>0
39f69823-6567-49d1-89e2-0c5c5a484e2e,5,6,6,6,0,0,2,0.8,0,0,0.0,1,0,DI=0,0,earlyDI>0
3a32ff33-de2b-4c73-b100-9a7353091173,5,6,8,8,0,0,0,0.0,0,0,0.0,3,1,DI>0,1,earlyDI=0
3a7f0c93-0f64-4be6-975c-a00ffbce26d3,5,6,8,8,1,1,0,0.0,0,0,0.0,3,2,DI>0,1,earlyDI=0
3a97e31c-ae64-4d2a-bc9e-688fd89be4d0,5,6,4,4,1,1,1,0.5,0,0,0.0,0,2,DI>0,0,earlyDI>0
3ab256ac-2ac6-4fd3-97ba-41bd10fbca7a,5,6,10,10,0,0,0,0.0,0,0,0.0,5,1,DI>0,1,earlyDI=0
3ad68017-6d10-4fd8-bd3c-e6630b3188ad,5,6,14,14,0,0,0,0.0,0,0,0.0,9,0,DI=0,2,earlyDI=0
3af2d5b5-d6b7-45b7-9e9c-2cafb5b50c57,5,6,4,4,0,0,0,0.0,0,0,0.0,0,0,DI=0,0,earlyDI=0
3b22f851-8d00-4903-b429-17909569a4ae,5,6,6,6,0,0,2,0.4,0,2,2.0,1,0,DI=0,0,earlyDI>0
3b3a709e-0485-47fa-aa87-b1e90a81c7f8,5,6,4,4,0,0,0,0.0,0,0,0.0,0,1,DI>0,0,earlyDI=0
3c1ac1b2-045b-4ea7-af67-d9dae9a3e2c3,5,6,14,14,0,0,0,0.0,0,0,0.0,9,0,DI=0,2,earlyDI=0
3c3dfa66-494e-49cc-afdb-ff4fe6f464c6,5,6,12,12,0,1,1,0.4,0,2,0.8571428571428571,7,0,DI=0,1,earlyDI>0
3c53413c-b4cd-4691-86cd-5bd693fb9ab9,5,6,2,2,0,0,0,0.0,0,0,0.0,0,0,DI=0,0,earlyDI=0
3cb230f1-f29d-427b-af02-fe92f30254b9,5,6,6,6,1,1,1,0.4,0,0,0.0,1,1,DI>0,0,earlyDI>0
3db331fb-6bfb-47c4-8368-130d80e3e78e,5,6,6,6,0,0,0,0.0,0,0,0.0,1,0,DI=0,0,earlyDI=0
3dffa0b1-6424-4718-b88b-33546cb6c128,5,6,6,6,0,0,2,0.4,0,2,2.0,1,0,DI=0,0,earlyDI>0
3e09d525-bd7d-46e7-98cc-bb9dbff1fd67,5,6,4,4,0,0,0,0.0,0,0,0.0,0,0,DI=0,0,earlyDI=0
3e358735-71ff-45cd-9495-0f66dead6f78,5,6,8,8,0,0,0,0.0,0,0,0.0,3,0,DI=0,1,earlyDI=0
3f3020e0-8052-4384-83a6-5d48d1eed38d,5,6,14,14,0,1,0,0.0,0,0,0.0,9,0,DI=0,2,earlyDI=0
403c2c1a-99ff-48e0-902c-8b2f5d12aaa3,5,6,6,6,0,0,0,0.0,0,0,0.0,1,0,DI=0,0,earlyDI=0
40b28438-2ea7-42f9-81a5-70f93f72563f,5,6,2,2,0,0,0,0.0,0,0,0.0,0,4,DI>0,0,earlyDI=0
41087a11-12b5-4d94-aea5-fffac0d9870c,5,6,10,10,0,1,1,0.6,0,1,0.6,5,0,DI=0,1,earlyDI>0
418939b7-1d23-44b7-84c9-775c1140994e,5,6,16,16,0,1,2,0.4,0,2,0.9090909090909091,11,1,DI>0,2,earlyDI>0
41a0630b-90fc-4686-8724-e9382f0e4c80,5,6,2,2,0,0,0,0.0,0,0,0.0,0,0,DI=0,0,earlyDI=0
41a7f86d-2f62-4ddc-aa26-5866cb0eedcb,5,6,8,8,0,0,1,0.4,0,0,0.0,3,1,DI>0,1,earlyDI>0
426a5115-b806-4b82-9af3-0ce46f457e61,5,6,24,24,1,1,0,0.0,0,0,0.0,19,0,DI=0,2,earlyDI=0
42eedcdc-5b4b-4438-9159-70b2c39142bd,5,6,2,2,0,0,0,0.0,0,0,0.0,0,0,DI=0,0,earlyDI=0
433f473b-b4ca-4aa8-9b45-1d447a9a6eaa,5,6,4,4,1,1,1,0.5,0,0,0.0,0,2,DI>0,0,earlyDI>0
440d9b4c-c9fb-4d55-a47f-cf276f52f0a8,5,6,46,46,0,1,0,0.0,0,2,0.3902439024390244,41,1,DI>0,2,earlyDI=0
4425576d-6cb8-4722-9593-acd5cae8fff0,5,6,6,6,1,1,0,0.0,0,0,0.0,1,0,DI=0,0,earlyDI=0
44298dde-a1fc-4a48-9e0f-190f8f87cb7d,5,6,8,8,0,0,0,0.0,0,0,0.0,3,1,DI>0,1,earlyDI=0
4490fa07-6a1d-4c94-89f4-c8910c62f381,5,6,14,14,1,1,0,0.0,0,1,0.2222222222222222,9,0,DI=0,2,earlyDI=0
45162747-76c6-4953-beba-a5f5e957cdb2,5,6,16,16,0,0,1,0.8,0,2,0.36363636363636365,11,0,DI=0,2,earlyDI>0
4530a372-cc15-4513-a10e-763468e9dbae,5,6,6,6,0,0,0,0.0,0,0,0.0,1,0,DI=0,0,earlyDI=0
453c1e1a-1140-4331-9af0-dd9f5e02e44a,5,6,22,22,1,1,0,0.0,0,2,0.47058823529411764,17,0,DI=0,2,earlyDI=0
457d6179-f893-4664-a717-9bd4d98402d4,5,6,18,18,0,1,1,0.4,0,0,0.0,13,0,DI=0,2,earlyDI>0
47021c56-a759-4367-8165-526f20b0e3c2,5,6,6,6,1,1,0,0.0,0,0,0.0,1,0,DI=0,0,earlyDI=0
478281f2-7c2c-450b-8e12-6bc9b474f664,5,6,38,38,0,1,0,0.0,0,2,0.12121212121212122,33,2,DI>0,2,earlyDI=0
49076123-ac1c-467a-8acb-daefa0397f83,5,6,2,2,0,0,0,0.0,0,0,0.0,0,0,DI=0,0,earlyDI=0
4abcd958-6fb6-4ef4-bea3-d71a191ee63b,5,6,6,6,0,0,0,0.0,0,0,0.0,1,0,DI=0,0,earlyDI=0
4add801f-2d9c-4cdc-8443-6e04d9ce36d5,5,6,36,36,0,1,0,0.0,0,1,0.1935483870967742,31,0,DI=0,2,earlyDI=0
4ae5ed33-82c3-4bea-b312-05b583925f8d,5,6,8,8,0,0,1,0.4,0,0,0.0,3,1,DI>0,1,earlyDI>0
4b281f45-0ddb-4011-bc75-0c11e7df7d0d,5,6,60,60,0,1,0,0.0,0,1,0.03636363636363636,55,0,DI=0,2,earlyDI=0
4b8ef1ee-da9e-4e52-abe4-02234b52d653,5,6,4,4,1,1,0,0.0,0,0,0.0,0,2,DI>0,0,earlyDI=0
4ba6d399-4c80-4997-a9bb-8d09888317cc,5,6,10,10,1,1,1,0.4,0,0,0.0,5,0,DI=0,1,earlyDI>0
4bd93fa3-d40e-4c36-9388-7324e856797d,5,6,2,2,0,0,0,0.0,0,0,0.0,0,2,DI>0,0,earlyDI=0
4de197b7-65a7-4301-b52f-051532a1c16d,5,6,10,10,1,1,0,0.0,0,0,0.0,5,0,DI=0,1,earlyDI=0
50043e01-2046-4b39-bd9f-bbd8f39ed7e8,5,6,14,14,0,1,0,0.0,0,1,0.2222222222222222,9,0,DI=0,2,earlyDI=0
50961213-60db-469b-932c-885f43c2719e,5,6,36,36,1,1,0,0.0,0,0,0.0,31,0,DI=0,2,earlyDI=0
512d743b-4d8a-4fad-bb37-7645c51fd9a7,5,6,6,6,0,0,0,0.0,0,0,0.0,1,0,DI=0,0,earlyDI=0
5173e65f-fe40-43af-b1ce-4837143cc799,5,6,16,16,1,1,0,0.0,0,1,0.18181818181818182,11,0,DI=0,2,earlyDI=0
52e7596e-9745-4fe8-b6ec-a4fc2dc2abd8,5,6,4,4,0,0,0,0.0,0,0,0.0,0,0,DI=0,0,earlyDI=0
52ec0b4a-fcce-48a6-8899-599599c7a917,5,6,10,10,0,0,0,0.0,0,0,0.0,5,0,DI=0,1,earlyDI=0
5329b265-e214-47c3-aec2-f64605acea30,5,6,58,58,0,1,0,0.0,0,1,0.07547169811320754,53,2,DI>0,2,earlyDI=0
54386d43-a492-4984-9301-6ceb7abfa51d,5,6,12,12,0,0,0,0.0,0,0,0.0,7,0,DI=0,1,earlyDI=0
556f70c6-9102-4b3f-ac9b-1a5b0e56f6ca,5,6,2,2,0,0,1,1.0,0,0,0.0,0,1,DI>0,0,earlyDI>0
55775dd5-053f-4d57-8d9c-baafcd1d7eef,5,6,14,14,0,0,0,0.0,0,0,0.0,9,0,DI=0,2,earlyDI=0
557fe792-9a1b-4b3c-a738-fedd67776e74,5,6,8,8,0,1,0,0.0,0,1,0.6666666666666666,3,1,DI>0,1,earlyDI=0
55d5fdd1-a486-47e9-a688-8ca57fc5c5dd,5,6,2,2,1,1,1,1.0,0,0,0.0,0,1,DI>0,0,earlyDI>0
55f1d321-ac45-420c-b6b7-cd40dabc4737,5,6,10,10,0,0,0,0.0,0,0,0.0,5,7,DI>0,1,earlyDI=0
573435ab-11f4-40c5-8d08-fcb23538da8a,5,6,14,14,1,1,1,0.4,0,0,0.0,9,1,DI>0,2,earlyDI>0
57aa69db-a134-452b-811e-2d94c3629892,5,6,4,4,0,0,0,0.0,0,0,0.0,0,0,DI=0,0,earlyDI=0
59c086bb-7b14-4ad2-a167-bb1741bb7064,5,6,18,18,1,1,0,0.0,0,1,0.3076923076923077,13,6,DI>0,2,earlyDI=0
59e9324e-3cbe-4d1e-a974-5922b9827140,5,6,2,2,0,0,0,0.0,0,0,0.0,0,0,DI=0,0,earlyDI=0
5a080153-7673-41ed-bd12-bfe5439b53fd,5,6,10,10,0,0,0,0.0,0,0,0.0,5,0,DI=0,1,earlyDI=0
5af26e8a-090f-4857-9f68-142eced0a82e,5,6,80,80,0,1,0,0.0,0,1,0.02666666666666667,75,0,DI=0,2,earlyDI=0
5b339ee0-7c3a-45eb-9e11-304a50ea8a4e,5,6,4,4,0,0,0,0.0,0,0,0.0,0,0,DI=0,0,earlyDI=0
5b58a4d7-3402-494b-9208-3ad7f567d3ba,5,6,2,2,0,0,0,0.0,0,0,0.0,0,0,DI=0,0,earlyDI=0
5b81bc16-3ce9-46dd-b70e-6ded17bad389,5,6,4,4,0,0,0,0.0,0,0,0.0,0,0,DI=0,0,earlyDI=0
5bcab17d-ee63-4f98-bbdd-eb81c7727e04,5,6,10,10,0,1,2,0.8,0,2,0.8,5,1,DI>0,1,earlyDI>0
5bd2bb5d-0e88-490c-8900-41d9d87f2fa5,5,6,22,22,0,0,0,0.0,0,1,0.11764705882352941,17,0,DI=0,2,earlyDI=0
5c42d151-c851-4404-861a-c9c0c1fa033f,5,6,14,14,1,1,0,0.0,0,1,0.2222222222222222,9,3,DI>0,2,earlyDI=0
5ce9ae8c-46f6-4aa8-9d84-ed1b7da10b6d,5,6,10,10,1,1,0,0.0,0,0,0.0,5,0,DI=0,1,earlyDI=0
5d59f6d8-6228-4e9d-a8a2-857e71694f6c,5,6,16,16,0,1,0,0.0,0,0,0.0,11,1,DI>0,2,earlyDI=0
5d978b44-efdd-4fbb-bc93-04c660d7b095,5,6,16,16,0,0,0,0.0,0,1,0.5454545454545454,11,0,DI=0,2,earlyDI=0
5d9cbc29-5988-4707-87b4-1048e312847a,5,6,6,6,1,1,0,0.0,0,0,0.0,1,0,DI=0,0,earlyDI=0
5dc528e2-1fb7-46a8-be80-a55dfe7ad0ec,5,6,14,14,0,0,0,0.0,0,0,0.0,9,0,DI=0,2,earlyDI=0
5df3a47f-03fc-4c93-8f75-d2bccb3567c7,5,6,2,2,1,1,0,0.0,0,0,0.0,0,0,DI=0,0,earlyDI=0
5e96a27d-cc15-4157-9a4d-c3fb523761e2,5,6,52,52,1,1,1,0.4,0,2,0.1276595744680851,47,4,DI>0,2,earlyDI>0
5ebcc608-5a7e-474d-a5a1-5c71e4002428,5,6,4,4,0,0,0,0.0,0,0,0.0,0,0,DI=0,0,earlyDI=0
5f2b895d-667d-47ab-9a76-e5863fe894bd,5,6,2,2,0,0,0,0.0,0,0,0.0,0,0,DI=0,0,earlyDI=0
5f82fb02-6766-4ffa-a729-f4121ee6ba66,5,6,46,46,1,1,0,0.0,0,2,0.3902439024390244,41,3,DI>0,2,earlyDI=0
5fe08e26-5eb8-44f8-ab39-cc6f2c59fa08,5,6,14,14,0,0,1,0.6,0,1,0.3333333333333333,9,2,DI>0,2,earlyDI>0
605362d1-9fe9-4c53-8dcb-a20410a77504,5,6,4,4,1,1,0,0.0,0,0,0.0,0,1,DI>0,0,earlyDI=0
63c8b1d4-2795-4f13-9206-910c6cb6ca3a,5,6,12,12,0,0,0,0.0,0,0,0.0,7,0,DI=0,1,earlyDI=0
6455422a-4397-499b-a2bc-8fe976947131,5,6,8,8,0,0,0,0.0,0,0,0.0,3,0,DI=0,1,earlyDI=0
64d71342-5a2e-4f44-8e53-e10f5dafc6f1,5,6,12,12,0,0,0,0.0,0,1,0.2857142857142857,7,0,DI=0,1,earlyDI=0
64ddcc6a-7647-482a-a608-978643688367,5,6,20,20,1,1,0,0.0,0,0,0.0,15,1,DI>0,2,earlyDI=0
64dfb6dd-55c5-4a91-b5be-58da3797ae4c,5,6,8,8,0,0,0,0.0,0,0,0.0,3,0,DI=0,1,earlyDI=0
6513fca6-bd36-4837-ae47-fd9e18bb04d7,5,6,4,4,0,0,0,0.0,0,0,0.0,0,1,DI>0,0,earlyDI=0
6540da0e-2a1e-4d40-8134-84c9981e649d,5,6,12,12,1,1,1,0.4,0,0,0.0,7,0,DI=0,1,earlyDI>0
65671c03-01f1-41a3-a4f3-ef6cbb437388,5,6,8,8,0,1,0,0.0,0,0,0.0,3,0,DI=0,1,earlyDI=0
65e6af58-237d-4e17-83bf-da97f5233377,5,6,16,16,0,0,0,0.0,0,1,0.18181818181818182,11,0,DI=0,2,earlyDI=0
66766bd6-b974-4bfb-ae2b-ccc9495448dd,5,6,6,6,1,1,0,0.0,0,0,0.0,1,0,DI=0,0,earlyDI=0
68607efd-9c21-4e8c-b5f5-823460c0fa3d,5,6,8,8,0,0,1,0.2,0,1,0.3333333333333333,3,0,DI=0,1,earlyDI>0
68cb2d73-40cb-4963-bc58-cfcb579c78cb,5,6,18,18,1,1,1,0.4,0,1,0.15384615384615385,13,0,DI=0,2,earlyDI>0
696e1479-3b9f-4078-90a2-3f3cd438734d,5,6,12,12,0,0,0,0.0,0,0,0.0,7,3,DI>0,1,earlyDI=0
69c37b18-5b36-4678-8fab-f0a69a93cae7,5,6,8,8,1,1,0,0.0,0,0,0.0,3,1,DI>0,1,earlyDI=0
69fe1d51-d30c-4c01-8c42-b8ddd8399c3a,5,6,2,2,0,0,0,0.0,0,0,0.0,0,0,DI=0,0,earlyDI=0
6a782f59-9192-49a2-96ee-a0b67bddb412,5,6,10,10,0,0,2,0.4,0,2,1.2,5,0,DI=0,1,earlyDI>0
6afc861c-b31a-4589-b305-0094dbc14806,5,6,2,2,0,0,0,0.0,0,0,0.0,0,0,DI=0,0,earlyDI=0
6c237c6b-839d-414e-83cd-3647a4257a3c,5,6,4,4,0,0,0,0.0,0,0,0.0,0,0,DI=0,0,earlyDI=0
6cbef9df-2fc2-4af4-bdf5-73adfb976762,5,6,4,4,0,0,0,0.0,0,0,0.0,0,0,DI=0,0,earlyDI=0
6d2ac670-d2e4-4ac3-a2dc-ec7a5252628c,5,6,4,4,0,0,1,0.5,0,0,0.0,0,0,DI=0,0,earlyDI>0
6d4ae174-5d3d-4ef8-a9b4-bd387ef19d9a,5,6,4,4,0,0,1,0.5,0,0,0.0,0,0,DI=0,0,earlyDI>0
6df81bfb-ee6b-4655-a63d-7dfb035cc5f4,5,6,12,12,1,1,0,0.0,0,0,0.0,7,0,DI=0,1,earlyDI=0
6e63cd63-5dab-4e29-80ae-01664c68106a,5,6,16,16,0,0,0,0.0,0,0,0.0,11,0,DI=0,2,earlyDI=0
6eb4b707-1bfe-4e21-a9ae-81dd9872e642,5,6,10,10,1,1,0,0.0,0,0,0.0,5,0,DI=0,1,earlyDI=0
6f2b0b6e-41d1-4ba5-bbb8-466c2ec2def2,5,6,12,12,0,0,1,0.2,0,1,0.14285714285714285,7,0,DI=0,1,earlyDI>0
70b92ea5-02fd-4073-909d-c684429eb1cb,5,6,8,8,0,0,0,0.0,0,0,0.0,3,0,DI=0,1,earlyDI=0
70cc3543-cc41-4cbf-8f9d-00a258dcc400,5,6,12,12,1,1,1,0.4,0,1,0.8571428571428571,7,0,DI=0,1,earlyDI>0
71308a7f-e6ff-4781-afa6-a56ff2a8755b,5,6,6,6,0,0,0,0.0,0,0,0.0,1,0,DI=0,0,earlyDI=0
71c5c7e9-677f-40c2-9baa-d9ad9e6663f1,5,6,6,6,1,1,0,0.0,0,0,0.0,1,0,DI=0,0,earlyDI=0
71f19971-6c41-4816-8f42-411171893a0b,5,6,12,12,1,1,1,0.4,0,0,0.0,7,0,DI=0,1,earlyDI>0
720de838-d64c-4e09-af39-3a4f2f7e466b,5,6,4,4,0,0,1,0.5,0,0,0.0,0,4,DI>0,0,earlyDI>0
7222d898-bdeb-4644-a6a8-5612e2011d2e,5,6,24,24,0,1,1,0.6,0,2,0.7894736842105263,19,3,DI>0,2,earlyDI>0
72382b27-ee1a-4fa5-8f5f-649cfe9bf368,5,6,12,12,1,1,2,1.2,0,1,0.2857142857142857,7,1,DI>0,1,earlyDI>0
7345b681-7935-4f5c-b696-7a420c86fc51,5,6,4,4,0,0,0,0.0,0,0,0.0,0,0,DI=0,0,earlyDI=0
7402dca5-2567-4cee-800b-6439d10b19d4,5,6,4,4,1,1,1,0.5,0,0,0.0,0,0,DI=0,0,earlyDI>0
7517ff88-c176-45cc-9cb1-e4e0acccad82,5,6,10,10,0,0,0,0.0,0,0,0.0,5,0,DI=0,1,earlyDI=0
754b5c19-90e9-4f1e-86a9-b3477c488fe1,5,6,14,14,0,0,0,0.0,0,0,0.0,9,0,DI=0,2,earlyDI=0
758bd3ae-247a-4701-9943-2470ab54f7c7,5,6,14,14,0,1,0,0.0,0,0,0.0,9,1,DI>0,2,earlyDI=0
762f0313-57aa-4b45-96e6-7ed46927ec87,5,6,4,4,1,1,0,0.0,0,0,0.0,0,0,DI=0,0,earlyDI=0
76b420e2-604a-4c9c-89a2-a977b29672d5,5,6,6,6,0,0,0,0.0,0,0,0.0,1,2,DI>0,0,earlyDI=0
76c56b8a-7646-4b8f-acc1-fe34c450910f,5,6,2,2,0,0,1,1.0,0,0,0.0,0,0,DI=0,0,earlyDI>0
773d0891-a822-4810-8b4f-3a098b02a5a9,5,6,4,4,0,0,0,0.0,0,0,0.0,0,0,DI=0,0,earlyDI=0
7752eb45-1f9d-4d92-abdc-09e714ca7ec6,5,6,16,16,0,0,0,0.0,0,0,0.0,11,0,DI=0,2,earlyDI=0
78214142-504d-4aa4-ab19-fc0738f42c8a,5,6,2,2,0,0,0,0.0,0,0,0.0,0,3,DI>0,0,earlyDI=0
78ce8a24-bd2f-4a6f-b9b7-3908a373b8e7,5,6,6,6,0,0,0,0.0,0,0,0.0,1,3,DI>0,0,earlyDI=0
797b7de7-68cc-47ee-870c-3ec1117907ba,5,6,14,14,0,1,1,0.4,0,2,0.6666666666666666,9,2,DI>0,2,earlyDI>0
7a4020d1-be5a-4ad9-9611-941c0ce86ed3,5,6,4,4,0,0,0,0.0,0,0,0.0,0,1,DI>0,0,earlyDI=0
7a5349a5-d25d-4166-a396-9b3391c34a96,5,6,14,14,1,1,0,0.0,0,1,0.2222222222222222,9,0,DI=0,2,earlyDI=0
7adb4cf6-c356-4c25-9e37-a940aef40b70,5,6,22,22,0,1,1,0.2,0,1,0.29411764705882354,17,0,DI=0,2,earlyDI>0
7aea6cff-091c-446d-b6f0-9c0991f4b5cd,5,6,6,6,0,0,0,0.0,0,0,0.0,1,0,DI=0,0,earlyDI=0
7cac67fc-2f5c-4703-a3e5-0f39e79b954a,5,6,16,16,0,0,0,0.0,1,3,0.5454545454545454,11,0,DI=0,2,earlyDI=0
7d362d21-559c-4f3c-9b95-044999a7d057,5,6,2,2,0,0,1,1.0,0,0,0.0,0,1,DI>0,0,earlyDI>0
7d6ba923-6978-428a-9071-a316538198b5,5,6,22,22,1,1,0,0.0,0,1,0.11764705882352941,17,0,DI=0,2,earlyDI=0
7e4fbd2a-90c3-458e-bc71-68f203fe0c13,5,6,20,20,0,0,0,0.0,0,1,0.26666666666666666,15,0,DI=0,2,earlyDI=0
7e9bd899-663b-4585-b4a5-89a963f16207,5,6,16,16,0,0,0,0.0,0,0,0.0,11,0,DI=0,2,earlyDI=0
7f2c8af0-9238-44bd-bf9a-b1f88b9563b5,5,6,20,20,0,1,0,0.0,0,1,0.26666666666666666,15,0,DI=0,2,earlyDI=0
80678068-ee14-4c0d-bafc-2354d879b584,5,6,10,10,1,1,1,0.4,0,1,0.4,5,0,DI=0,1,earlyDI>0
8161ce7d-98de-405d-9a62-e7e230e85a17,5,6,18,18,0,0,0,0.0,0,0,0.0,13,0,DI=0,2,earlyDI=0
81c581ee-71e9-4439-aa0c-524cbda502f7,5,6,6,6,0,0,0,0.0,0,0,0.0,1,0,DI=0,0,earlyDI=0
82ac1e18-e33e-47b3-8a2c-8a2663825817,5,6,66,66,0,1,0,0.0,0,0,0.0,61,0,DI=0,2,earlyDI=0
82adf643-75d6-4cb2-aa4d-5590e966b96a,5,6,12,12,0,0,0,0.0,0,1,0.2857142857142857,7,1,DI>0,1,earlyDI=0
82f8458e-f42b-435f-bec0-ee327931c2f2,5,6,20,20,0,1,0,0.0,0,1,0.4,15,3,DI>0,2,earlyDI=0
830842fc-1a43-4f94-8d13-a4cc74ac4a9e,5,6,10,10,0,0,0,0.0,0,0,0.0,5,0,DI=0,1,earlyDI=0
837b7718-4ba2-48b2-b4c7-0fcfa56f515d,5,6,2,2,0,0,0,0.0,0,0,0.0,0,0,DI=0,0,earlyDI=0
84414a5e-954c-4034-b10e-be7c8a3eed96,5,6,4,4,0,0,0,0.0,0,0,0.0,0,0,DI=0,0,earlyDI=0
84e4a6b6-5c6e-4cbc-9eaf-60003992efdc,5,6,52,52,0,1,1,0.4,0,1,0.3404255319148936,47,0,DI=0,2,earlyDI>0
869442be-7d17-4059-8858-adade0dfbb81,5,6,20,20,0,0,0,0.0,0,1,0.13333333333333333,15,0,DI=0,2,earlyDI=0
88278166-c52e-4729-9271-7168039f69e3,5,6,42,42,0,0,0,0.0,0,1,0.10810810810810811,37,1,DI>0,2,earlyDI=0
885bbc1d-d533-498c-b3cd-32f70549afa9,5,6,12,12,0,0,0,0.0,0,0,0.0,7,0,DI=0,1,earlyDI=0
8874adf1-ab79-43c5-9aac-f26ca1f729fa,5,6,6,6,0,0,0,0.0,0,0,0.0,1,1,DI>0,0,earlyDI=0
88b80089-c169-441a-ad1a-83163650c7e8,5,6,2,2,0,0,0,0.0,0,0,0.0,0,0,DI=0,0,earlyDI=0
8925aade-ee2f-4fbd-8546-8deeafa9e5a5,5,6,4,4,0,0,0,0.0,0,0,0.0,0,1,DI>0,0,earlyDI=0
8a7a46dc-1903-4679-a921-1546a1811ccd,5,6,6,6,0,0,0,0.0,0,0,0.0,1,1,DI>0,0,earlyDI=0
8b280777-07f4-4ce2-82dd-cc8062bc1e0a,5,6,18,18,0,0,0,0.0,0,1,0.3076923076923077,13,0,DI=0,2,earlyDI=0
8b96dedb-beba-41a7-a972-8e59cb90efd4,5,6,8,8,0,0,0,0.0,0,0,0.0,3,0,DI=0,1,earlyDI=0
8bbcd76e-35a8-40dc-bd1c-064c9ec51b4d,5,6,8,8,1,1,1,0.2,0,1,0.3333333333333333,3,1,DI>0,1,earlyDI>0
8bbf948a-213c-4d7c-be30-97c155a1fa9d,5,6,4,4,1,1,0,0.0,0,0,0.0,0,0,DI=0,0,earlyDI=0
8d35b578-d702-49b2-8f9e-d78ace2d0ba0,5,6,8,8,1,1,0,0.0,0,0,0.0,3,0,DI=0,1,earlyDI=0
8d61e5fb-ffe7-4473-96d2-0bd1b4554c1b,5,6,28,28,1,1,0,0.0,0,1,0.08695652173913043,23,1,DI>0,2,earlyDI=0
8d96397d-506d-4915-a124-c33fdab39024,5,6,2,2,0,0,0,0.0,0,0,0.0,0,1,DI>0,0,earlyDI=0
8db80872-dd1d-45b1-8447-084e386a294c,5,6,6,6,0,0,0,0.0,0,0,0.0,1,0,DI=0,0,earlyDI=0
8ee09c48-6af6-44d1-8acd-32be2f2527ae,5,6,20,20,1,1,0,0.0,0,0,0.0,15,0,DI=0,2,earlyDI=0
8f17543e-760a-49ac-938a-f28f6a4c4f19,5,6,10,10,0,0,0,0.0,1,4,3.2,5,0,DI=0,1,earlyDI=0
909c284a-edd4-4f56-aa25-d119b423e65d,5,6,12,12,0,0,0,0.0,0,2,0.5714285714285714,7,0,DI=0,1,earlyDI=0
90cee12e-e603-4346-852f-c47d4f253519,5,6,4,4,0,0,0,0.0,0,0,0.0,0,1,DI>0,0,earlyDI=0
919bf01e-6a32-4e77-9c0b-85e739fa97c0,5,6,6,6,0,0,1,0.4,0,0,0.0,1,1,DI>0,0,earlyDI>0
91f90127-295e-48a7-974e-1467bc0461bf,5,6,8,8,0,1,0,0.0,0,0,0.0,3,1,DI>0,1,earlyDI=0
921b3e44-a4a5-4920-baf6-c8e163ebc3d4,5,6,8,8,0,0,0,0.0,0,0,0.0,3,0,DI=0,1,earlyDI=0
93570192-3a09-4007-b283-264e73da9685,5,6,24,24,0,1,0,0.0,0,2,0.5263157894736842,19,0,DI=0,2,earlyDI=0
9408de3f-20c1-40a9-b19f-0fbb62ff54d9,5,6,10,10,0,0,0,0.0,0,0,0.0,5,0,DI=0,1,earlyDI=0
9469ea4c-1b44-4e2e-b477-9e312f745ebc,5,6,6,6,0,0,0,0.0,0,0,0.0,1,0,DI=0,0,earlyDI=0
9486c6d3-92d9-48a8-a279-8875e9ff9e0f,5,6,6,6,0,0,0,0.0,0,0,0.0,1,0,DI=0,0,earlyDI=0
94b67252-90cd-4123-9696-f70ae936d5dd,5,6,4,4,0,0,0,0.0,0,0,0.0,0,1,DI>0,0,earlyDI=0
95f888fd-9327-4241-95d4-3a98e7e8a4ee,5,6,18,18,0,1,0,0.0,0,1,0.15384615384615385,13,1,DI>0,2,earlyDI=0
96fb5f97-de92-4b0b-bbe7-0e6dc9aadd36,5,6,8,8,1,1,1,0.4,0,0,0.0,3,0,DI=0,1,earlyDI>0
9750b76c-0793-4156-902f-ffddd28a9c43,5,6,30,30,0,1,0,0.0,0,1,0.08,25,0,DI=0,2,earlyDI=0
975eaeb6-6f50-4a78-a687-d413bf742597,5,6,18,18,0,0,0,0.0,0,1,0.15384615384615385,13,1,DI>0,2,earlyDI=0
97acc833-1a9c-44eb-8b0c-f49c58840346,5,6,4,4,1,1,0,0.0,0,0,0.0,0,0,DI=0,0,earlyDI=0
98b8236b-4d20-4399-9606-770409b8e9e7,5,6,4,4,0,0,1,0.5,0,0,0.0,0,0,DI=0,0,earlyDI>0
99422ba8-5460-417c-b386-bfc60830e886,5,6,16,16,0,0,1,0.2,0,1,0.45454545454545453,11,1,DI>0,2,earlyDI>0
99586de0-41bb-4175-80d0-f138cad07c15,5,6,50,50,1,1,0,0.0,0,1,0.044444444444444446,45,0,DI=0,2,earlyDI=0
99f37427-1b05-426f-9ee5-293794ab4b2a,5,6,12,12,0,0,0,0.0,0,0,0.0,7,0,DI=0,1,earlyDI=0
9aacb783-0518-4697-9874-2ca8401dbd18,5,6,16,16,0,0,0,0.0,0,0,0.0,11,1,DI>0,2,earlyDI=0
9b07fa8b-b986-4549-b913-e3acc477bed7,5,6,16,16,0,0,1,0.6,0,1,0.8181818181818182,11,0,DI=0,2,earlyDI>0
9b310fb0-8792-439a-991c-4048442a7ad2,5,6,12,12,1,1,0,0.0,0,1,0.2857142857142857,7,0,DI=0,1,earlyDI=0
9b7333e3-1e6b-4075-9cea-3eb197f4c288,5,6,12,12,0,1,0,0.0,0,1,0.2857142857142857,7,0,DI=0,1,earlyDI=0
9bdaafd8-4e31-4a1e-ab85-6601d34f1389,5,6,12,12,0,0,0,0.0,0,2,1.1428571428571428,7,1,DI>0,1,earlyDI=0
9c34b4e9-a42f-46d7-8e45-52b5a0ec6678,5,6,8,8,0,0,0,0.0,0,0,0.0,3,0,DI=0,1,earlyDI=0
9e38c9fd-fb00-4bb7-8897-743747e40a09,5,6,10,10,0,0,0,0.0,0,0,0.0,5,0,DI=0,1,earlyDI=0
9ecba671-07ac-40c5-bb7a-ccc1d951bb63,5,6,10,10,0,0,0,0.0,0,0,0.0,5,0,DI=0,1,earlyDI=0
9f067392-5c5f-424c-82ee-b4fca6995a2a,5,6,6,6,0,0,1,0.4,0,0,0.0,1,0,DI=0,0,earlyDI>0
9f42d97c-91ca-42c6-b939-e0e06be7ca19,5,6,22,22,0,0,0,0.0,0,0,0.0,17,0,DI=0,2,earlyDI=0
9f7c9754-98b9-4c63-b6ad-af7b1dfb594d,5,6,12,12,0,1,0,0.0,0,1,0.2857142857142857,7,0,DI=0,1,earlyDI=0
9fe3a0df-2d44-4864-a992-ef27c68f19b5,5,6,6,6,1,1,1,0.8,0,0,0.0,1,1,DI>0,0,earlyDI>0
a046d912-9a67-4a4e-a564-fda203b681fa,5,6,4,4,0,0,0,0.0,0,0,0.0,0,0,DI=0,0,earlyDI=0
a0abb0c1-372a-45f2-9667-24a53b5e1743,5,6,8,8,0,0,0,0.0,0,0,0.0,3,0,DI=0,1,earlyDI=0
a0cfe899-c7af-483e-a5c3-09a066745c24,5,6,2,2,0,0,0,0.0,0,0,0.0,0,1,DI>0,0,earlyDI=0
a11d54b8-4deb-4975-aec1-574556ba68a1,5,6,12,12,1,1,1,0.6,0,1,0.7142857142857143,7,1,DI>0,1,earlyDI>0
a2a321a5-9418-40fa-a59b-534f94e21fef,5,6,16,16,0,1,0,0.0,0,0,0.0,11,0,DI=0,2,earlyDI=0
a2f1945a-4234-4cc7-9b2c-dabda30cb633,5,6,8,8,0,0,0,0.0,0,0,0.0,3,0,DI=0,1,earlyDI=0
a30efa97-4415-4ecd-ac4e-8c2b3e4d1b25,5,6,8,8,0,0,1,0.6,0,1,0.3333333333333333,3,0,DI=0,1,earlyDI>0
a31f4ef3-5565-451f-8257-139284a34963,5,6,10,10,0,1,0,0.0,0,0,0.0,5,0,DI=0,1,earlyDI=0
a370ae7d-85bd-4fc9-81a8-6ea08e4abfd2,5,6,4,4,1,1,1,0.5,0,0,0.0,0,0,DI=0,0,earlyDI>0
a3f52205-1a5c-447a-944b-2625aee7a007,5,6,10,10,1,1,1,0.2,0,1,0.6,5,1,DI>0,1,earlyDI>0
a463c6fd-8a55-4c88-9249-5a638c122dae,5,6,6,6,0,0,0,0.0,0,0,0.0,1,0,DI=0,0,earlyDI=0
a511c79d-0428-40d9-b3f3-03bffc9fe289,5,6,6,6,0,0,1,0.2,0,1,1.0,1,0,DI=0,0,earlyDI>0
a560ed37-3a7e-4655-8912-b14339e22e37,5,6,4,4,0,0,1,0.5,0,0,0.0,0,1,DI>0,0,earlyDI>0
a6f1ba82-1de9-474b-9c0d-79ff6b171b7a,5,6,16,16,0,1,1,1.0,0,1,0.09090909090909091,11,0,DI=0,2,earlyDI>0
a7273f48-33b3-42ad-b8e6-346ec1455a3a,5,6,8,8,0,0,1,1.0,0,1,0.3333333333333333,3,0,DI=0,1,earlyDI>0
a7da18d7-9677-4eef-a62e-0a6c96537712,5,6,24,24,0,1,0,0.0,0,0,0.0,19,0,DI=0,2,earlyDI=0
a86f7da2-abbc-4b1f-b8a7-1fe8a5396669,5,6,6,6,0,0,0,0.0,0,0,0.0,1,0,DI=0,0,earlyDI=0
a8878b4d-a12a-4384-ac94-2a9b92534d81,5,6,4,4,0,0,1,0.5,0,0,0.0,0,0,DI=0,0,earlyDI>0
a8b8f27c-6dad-4612-847f-5d5da0fa3d28,5,6,2,2,0,0,0,0.0,0,0,0.0,0,0,DI=0,0,earlyDI=0
a9a6c8d5-9403-4ec0-a0a9-bb1c8cfae9af,5,6,60,60,0,1,0,0.0,0,1,0.10909090909090909,55,0,DI=0,2,earlyDI=0
aa415937-1c59-4d55-ab14-e9b06b7f874e,5,6,16,16,0,1,0,0.0,0,1,0.18181818181818182,11,0,DI=0,2,earlyDI=0
aa882c9a-1a7e-453d-858e-64cd69e9929d,5,6,10,10,1,1,0,0.0,0,0,0.0,5,0,DI=0,1,earlyDI=0
aabfa836-c19e-4e15-8528-8987dca20219,5,6,8,8,0,0,0,0.0,0,0,0.0,3,0,DI=0,1,earlyDI=0
ab2d3865-4a5a-437b-b56b-dc01c05f0cfa,5,6,2,2,0,0,0,0.0,0,0,0.0,0,0,DI=0,0,earlyDI=0
abbc3ed7-8683-4783-91fa-c51b7eaeece9,5,6,10,10,0,1,0,0.0,0,0,0.0,5,0,DI=0,1,earlyDI=0
abe93c20-c23d-4b7c-aaa0-b561cf0b89c0,5,6,18,18,0,1,0,0.0,0,0,0.0,13,0,DI=0,2,earlyDI=0
ac10a388-1f45-4dc2-84f7-671876aa7b1d,5,6,8,8,1,1,1,0.8,0,0,0.0,3,1,DI>0,1,earlyDI>0
ac40cba8-53c6-4267-a54b-d12b8b132e39,5,6,6,6,0,0,0,0.0,0,0,0.0,1,0,DI=0,0,earlyDI=0
aca49724-3b52-4181-a04c-55c9d7ceaca1,5,6,6,6,1,1,1,0.2,0,1,1.0,1,1,DI>0,0,earlyDI>0
adfe6531-3449-4cfe-8064-7e5732663044,5,6,24,24,1,1,0,0.0,0,1,0.10526315789473684,19,0,DI=0,2,earlyDI=0
af83aee4-dc14-4494-a243-36053444b718,5,6,10,10,0,1,1,0.2,0,1,0.2,5,1,DI>0,1,earlyDI>0
b0f34130-9870-44e6-ba6f-6ea1e0db3642,5,6,6,6,0,0,1,0.4,0,0,0.0,1,0,DI=0,0,earlyDI>0
b0fb9982-6475-4dbb-a009-6bde393892d8,5,6,14,14,0,0,0,0.0,0,0,0.0,9,0,DI=0,2,earlyDI=0
b117bfc0-1653-4b5c-84a4-b09c9ef02971,5,6,4,4,0,0,0,0.0,0,0,0.0,0,0,DI=0,0,earlyDI=0
b1704312-f16e-4a01-9d07-4fdefe6f8f4f,5,6,4,4,0,0,0,0.0,0,0,0.0,0,0,DI=0,0,earlyDI=0
b1970caa-34b0-41ac-ab70-ff153d9a35a9,5,6,14,14,0,0,0,0.0,0,2,0.4444444444444444,9,1,DI>0,2,earlyDI=0
b1b6dfd0-bdf3-4476-92b6-8b8e18d1e709,5,6,14,14,0,0,0,0.0,0,0,0.0,9,1,DI>0,2,earlyDI=0
b2778758-7ec4-4597-98f6-1e5bb843ad21,5,6,14,14,0,1,1,0.4,0,1,0.6666666666666666,9,0,DI=0,2,earlyDI>0
b2d16609-ec2a-45f9-943c-12100e375a36,5,6,14,14,0,0,1,0.4,0,1,0.4444444444444444,9,0,DI=0,2,earlyDI>0
b2eb8037-daef-4bcf-a5e8-269bb01594f4,5,6,4,4,0,0,0,0.0,0,0,0.0,0,2,DI>0,0,earlyDI=0
b2ef8f90-f8a2-4d1c-9b07-b4c3c19631f2,5,6,12,12,1,1,0,0.0,0,1,0.2857142857142857,7,1,DI>0,1,earlyDI=0
b3b73dc3-b37f-4b52-b484-0563a97e7410,5,6,10,10,0,0,1,0.4,0,1,0.4,5,1,DI>0,1,earlyDI>0
b3d67825-021c-4b0d-984f-a209898f4642,5,6,18,18,1,1,0,0.0,0,1,0.15384615384615385,13,0,DI=0,2,earlyDI=0
b48e505b-6c68-4e7d-863a-723f46bbc9ac,5,6,16,16,0,1,0,0.0,0,0,0.0,11,0,DI=0,2,earlyDI=0
b67fe1a1-e76d-49d0-88a8-266b8c55fdf0,5,6,4,4,0,0,0,0.0,0,0,0.0,0,0,DI=0,0,earlyDI=0
b6b34706-d5bf-482a-bf7f-f7b20b8ce831,5,6,12,12,0,0,0,0.0,0,1,0.2857142857142857,7,0,DI=0,1,earlyDI=0
b6f2aeba-c636-4cb6-981c-661e60e53af0,5,6,8,8,0,0,2,1.0,0,1,0.3333333333333333,3,0,DI=0,1,earlyDI>0
b7a63185-0c3e-494c-81ff-516e445e5c02,5,6,6,6,0,0,0,0.0,0,0,0.0,1,0,DI=0,0,earlyDI=0
b7d4fb80-9e68-49db-84e3-be91579823d4,5,6,12,12,1,1,0,0.0,0,0,0.0,7,0,DI=0,1,earlyDI=0
b8024d29-788b-4cb6-b6a2-2524ca536dba,5,6,4,4,1,1,1,0.5,0,0,0.0,0,0,DI=0,0,earlyDI>0
b8028a4a-601f-49e8-a39f-0104f18f892c,5,6,6,6,0,0,0,0.0,0,0,0.0,1,0,DI=0,0,earlyDI=0
b8b620d0-7fdb-45d6-b0fd-7a282d576ed4,5,6,6,6,0,0,1,0.8,0,0,0.0,1,1,DI>0,0,earlyDI>0
b9233ba2-35bd-4e2f-ab36-b1163a97ff24,5,6,16,16,1,1,1,0.2,0,1,0.09090909090909091,11,0,DI=0,2,earlyDI>0
bb53f256-c939-4364-8318-3bb11e348fa3,5,6,14,14,0,0,1,0.2,0,1,1.0,9,1,DI>0,2,earlyDI>0
bb7f9f6c-9359-4444-bc90-29e2870f7fec,5,6,12,12,0,1,1,0.4,0,0,0.0,7,0,DI=0,1,earlyDI>0
bc8da531-c96b-4131-950b-a1b591ab3fd6,5,6,6,6,0,0,0,0.0,0,0,0.0,1,0,DI=0,0,earlyDI=0
bc9ecf67-604a-49cd-ab09-24b119a90c7d,5,6,18,18,0,1,0,0.0,0,1,0.46153846153846156,13,1,DI>0,2,earlyDI=0
be7a6795-31c2-4de7-a34f-14d417f245f9,5,6,12,12,0,0,0,0.0,0,0,0.0,7,0,DI=0,1,earlyDI=0
be916629-9c6f-4833-b7ad-5364a6eaf71f,5,6,6,6,0,0,0,0.0,0,0,0.0,1,0,DI=0,0,earlyDI=0
bea4d2d3-7ff1-4967-b929-41a79a3693d6,5,6,20,20,0,1,2,0.8,0,0,0.0,15,0,DI=0,2,earlyDI>0
bf17cb10-6589-4c38-8835-f3fb1813bbbf,5,6,10,10,1,1,4,1.6,0,0,0.0,5,2,DI>0,1,earlyDI>0
bf6371e6-af35-4808-b746-6bf6e627284a,5,6,6,6,0,0,0,0.0,0,0,0.0,1,0,DI=0,0,earlyDI=0
bfb14943-fb49-4b04-8294-ac746c21f519,5,6,10,10,0,0,0,0.0,0,1,0.4,5,1,DI>0,1,earlyDI=0
c13e0ca0-5237-43c4-9c08-b22f4d5a35de,5,6,8,8,0,0,0,0.0,0,0,0.0,3,3,DI>0,1,earlyDI=0
c1b4a6a8-0614-4928-afe7-e01748f9df5d,5,6,8,8,1,1,0,0.0,0,1,0.6666666666666666,3,0,DI=0,1,earlyDI=0
c3b02a15-40b8-4bba-8f9c-293c98501b71,5,6,2,2,0,0,0,0.0,0,0,0.0,0,0,DI=0,0,earlyDI=0
c3e8dedc-1e4f-4ad7-a3d0-d08246ff1d2c,5,6,18,18,0,1,1,0.2,0,1,0.07692307692307693,13,0,DI=0,2,earlyDI>0
c3e8f5a5-3e42-45ed-984a-e5e6fd9617e2,5,6,8,8,0,0,0,0.0,0,0,0.0,3,0,DI=0,1,earlyDI=0
c447c01c-d264-46be-b19c-2ec073b6cfc8,5,6,8,8,0,0,0,0.0,0,0,0.0,3,1,DI>0,1,earlyDI=0
c505283c-ddc0-424d-9a04-88a9c03103cd,5,6,6,6,0,0,0,0.0,0,0,0.0,1,0,DI=0,0,earlyDI=0
c5363bb1-06ef-4854-bbdd-352d770feba3,5,6,10,10,1,1,0,0.0,0,0,0.0,5,0,DI=0,1,earlyDI=0
c5d32589-d223-43a7-98c3-be57eee7077d,5,6,8,8,0,0,1,0.4,0,0,0.0,3,0,DI=0,1,earlyDI>0
c7200fa4-c437-4868-9337-d4b0812c274e,5,6,8,8,1,1,0,0.0,0,1,0.6666666666666666,3,0,DI=0,1,earlyDI=0
c7f70037-e684-4679-a241-fd32af30fe86,5,6,18,18,1,1,0,0.0,0,0,0.0,13,0,DI=0,2,earlyDI=0
c870b208-c6b7-4cba-9860-f55bee8c6fe9,5,6,44,44,1,1,1,0.4,0,0,0.0,39,0,DI=0,2,earlyDI>0
c88c95f9-8b20-4a41-8ff9-dcc0871fdf8b,5,6,10,10,0,1,0,0.0,0,0,0.0,5,0,DI=0,1,earlyDI=0
c94ee696-7efd-4240-843d-6be96144d168,5,6,24,24,0,1,0,0.0,0,0,0.0,19,0,DI=0,2,earlyDI=0
cab0be28-b91f-4987-b41c-0487a67ce315,5,6,4,4,0,0,0,0.0,0,0,0.0,0,0,DI=0,0,earlyDI=0
cab2f3f6-c0ee-4733-adc8-ba35c7417e1d,5,6,14,14,1,1,0,0.0,0,0,0.0,9,0,DI=0,2,earlyDI=0
cac462f1-841c-4d3e-9f42-7047bf12a60d,5,6,10,10,0,0,1,0.6,0,1,0.2,5,0,DI=0,1,earlyDI>0
cba90380-338c-48ca-abf5-26ff2dfaa7e1,5,6,10,10,0,0,0,0.0,0,0,0.0,5,0,DI=0,1,earlyDI=0
cbda7a4d-ee4c-4806-98fe-111bc99d5fe7,5,6,6,6,1,1,0,0.0,0,0,0.0,1,0,DI=0,0,earlyDI=0
cbea426d-b430-4b3f-9408-f9b61081df8f,5,6,10,10,0,0,0,0.0,0,0,0.0,5,0,DI=0,1,earlyDI=0
cc1b16d5-0e24-4422-ab98-e9a214f94f2a,5,6,2,2,0,0,0,0.0,0,0,0.0,0,1,DI>0,0,earlyDI=0
cc581741-21be-477d-94dd-610b37aad86d,5,6,28,28,0,1,0,0.0,0,1,0.08695652173913043,23,5,DI>0,2,earlyDI=0
ccaad4db-34eb-42ab-a699-20b5c2e64c39,5,6,12,12,0,0,0,0.0,0,0,0.0,7,0,DI=0,1,earlyDI=0
ccd4331c-5f44-4129-a2bd-70dc2f4077e4,5,6,4,4,0,0,0,0.0,0,0,0.0,0,0,DI=0,0,earlyDI=0
cd7549d2-6607-43f5-bff1-254d91a8d399,5,6,2,2,0,0,0,0.0,0,0,0.0,0,0,DI=0,0,earlyDI=0
cd8081fa-465d-412a-bf42-3fd684302bc7,5,6,4,4,0,0,1,1.0,0,0,0.0,0,0,DI=0,0,earlyDI>0
ce5dc470-a96b-4c32-8da4-51e682bf9a81,5,6,4,4,0,0,1,0.5,0,0,0.0,0,0,DI=0,0,earlyDI>0
ceb683bf-d7ed-40f7-9f46-3e30eb921c5e,5,6,8,8,1,1,0,0.0,0,0,0.0,3,2,DI>0,1,earlyDI=0
cffb6203-322e-4b6a-aef8-6cbe43b08313,5,6,12,12,0,0,1,0.8,0,1,0.2857142857142857,7,0,DI=0,1,earlyDI>0
d32c0c4d-4d82-4a8a-851e-0d211a73206e,5,6,6,6,0,0,0,0.0,0,0,0.0,1,0,DI=0,0,earlyDI=0
d433de4a-1413-4e3e-bf32-8e24ad748621,5,6,6,6,0,0,0,0.0,0,0,0.0,1,0,DI=0,0,earlyDI=0
d4e5e38a-336d-4b30-b894-f4529bc02beb,5,6,2,2,0,0,0,0.0,0,0,0.0,0,0,DI=0,0,earlyDI=0
d5500627-089e-43a2-b7e5-a0dc1b9689aa,5,6,6,6,0,0,0,0.0,0,0,0.0,1,0,DI=0,0,earlyDI=0
d55fb6a4-3748-4682-b0d6-c996b54d3df3,5,6,2,2,0,0,0,0.0,0,0,0.0,0,0,DI=0,0,earlyDI=0
d66652c3-835a-4820-af29-5654062466cb,5,6,24,24,0,1,0,0.0,0,0,0.0,19,0,DI=0,2,earlyDI=0
d6dd67ac-c785-4ad5-91dc-9b90ede0205b,5,6,2,2,0,0,0,0.0,0,0,0.0,0,1,DI>0,0,earlyDI=0
d6f13558-d774-4e2e-b6f4-8cabd3e9b81e,5,6,12,12,0,0,0,0.0,0,0,0.0,7,0,DI=0,1,earlyDI=0
d94963d7-a54f-4408-a3f2-7ea92a49a995,5,6,4,4,0,0,0,0.0,0,0,0.0,0,0,DI=0,0,earlyDI=0
d9cd7fa5-2652-4040-91c5-b762aaee72fd,5,6,4,4,0,0,0,0.0,0,0,0.0,0,0,DI=0,0,earlyDI=0
da995ba8-9006-4a9b-8a51-359b53da96bb,5,6,12,12,0,0,0,0.0,0,0,0.0,7,0,DI=0,1,earlyDI=0
dac96e71-5220-45b0-998b-de67b2806396,5,6,2,2,0,0,0,0.0,0,0,0.0,0,0,DI=0,0,earlyDI=0
db397fc9-7d05-44bd-bc85-3e2ee1eabbfc,5,6,2,2,0,0,0,0.0,0,0,0.0,0,0,DI=0,0,earlyDI=0
db6e2d14-440a-48ef-8b61-e0285105e225,5,6,36,36,1,1,0,0.0,0,2,0.45161290322580644,31,0,DI=0,2,earlyDI=0
db7a1ffb-288c-4dba-a70c-84e16dc30e0c,5,6,2,2,0,0,1,1.0,0,0,0.0,0,0,DI=0,0,earlyDI>0
dc0b2a12-99ca-4996-87c5-7211b7bdafcb,5,6,2,2,0,0,0,0.0,0,0,0.0,0,1,DI>0,0,earlyDI=0
dc5f2f30-c8a0-49b7-8f0f-6d6d7cc1bb65,5,6,8,8,0,0,1,0.2,0,1,0.3333333333333333,3,0,DI=0,1,earlyDI>0
dd977678-557f-4327-981c-d81f5c97f2fa,5,6,14,14,0,0,0,0.0,0,2,0.4444444444444444,9,1,DI>0,2,earlyDI=0
ddfb07b2-c8b6-42d1-af36-eb575a949e4f,5,6,14,14,0,0,0,0.0,0,1,0.2222222222222222,9,0,DI=0,2,earlyDI=0
dec2de91-48df-418b-a8a9-9879ddadf6d5,5,6,8,8,0,0,0,0.0,0,0,0.0,3,0,DI=0,1,earlyDI=0
df395c86-0565-418c-b222-6222c4cdbae6,5,6,78,78,0,0,0,0.0,0,1,0.0273972602739726,73,0,DI=0,2,earlyDI=0
e0806c4c-6d9c-4486-98fc-908fa04bee21,5,6,24,24,1,1,1,0.4,0,0,0.0,19,0,DI=0,2,earlyDI>0
e0dadeb2-b1c1-433d-9161-5c74d760b677,5,6,20,20,0,0,0,0.0,0,0,0.0,15,3,DI>0,2,earlyDI=0
e1ac3b02-da72-494a-b9b0-478c88ab4402,5,6,4,4,0,0,0,0.0,0,0,0.0,0,0,DI=0,0,earlyDI=0
e1c6a79a-9f08-4d13-8ba6-f9a2a4e03962,5,6,8,8,1,1,0,0.0,0,0,0.0,3,0,DI=0,1,earlyDI=0
e32d7d89-3ce4-4219-865c-cfbe85528d4b,5,6,10,10,0,0,1,0.4,0,0,0.0,5,0,DI=0,1,earlyDI>0
e48b6548-30f2-4a56-bc12-51d7e2b7ce67,5,6,4,4,0,0,0,0.0,0,0,0.0,0,0,DI=0,0,earlyDI=0
e5604fe6-e038-410f-b0ce-eccb51181203,5,6,20,20,0,1,0,0.0,0,0,0.0,15,0,DI=0,2,earlyDI=0
e5a0b1c7-0417-4afd-98b5-9d945442f1cd,5,6,14,14,0,0,0,0.0,0,0,0.0,9,0,DI=0,2,earlyDI=0
e5d95f35-acb9-4ab0-b11a-7257484fcc78,5,6,18,18,0,0,0,0.0,0,1,0.15384615384615385,13,1,DI>0,2,earlyDI=0
e5fdbae6-f4c6-4692-8d2e-3075f7a5a5e3,5,6,40,40,0,0,1,0.4,0,1,0.2857142857142857,35,0,DI=0,2,earlyDI>0
e635047c-8866-4956-a3a3-155da1fc9081,5,6,6,6,1,1,1,0.2,0,1,1.0,1,0,DI=0,0,earlyDI>0
e7a7eeb1-80fc-42b3-813e-f2a2acace6e6,5,6,8,8,0,0,1,0.2,0,1,0.3333333333333333,3,0,DI=0,1,earlyDI>0
e7de1959-72da-4097-b146-59142c76b6bc,5,6,20,20,0,1,1,0.4,0,0,0.0,15,0,DI=0,2,earlyDI>0
e8166219-3ea8-4be5-8c5c-68d8af71ac04,5,6,18,18,0,1,1,0.4,0,1,0.46153846153846156,13,2,DI>0,2,earlyDI>0
e955844a-ad30-4ad1-8997-6ac5c111ec6f,5,6,14,14,0,0,0,0.0,0,0,0.0,9,0,DI=0,2,earlyDI=0
e981e306-28e4-4f9b-b12b-cd7d56678473,5,6,14,14,0,1,1,0.2,0,1,0.1111111111111111,9,0,DI=0,2,earlyDI>0
e99608fe-0cb6-4761-8297-7f177a264ab4,5,6,12,12,0,1,1,0.6,0,1,0.14285714285714285,7,1,DI>0,1,earlyDI>0
e9d9f9f6-7e34-481d-ba38-1193d6c54306,5,6,10,10,0,1,1,1.0,0,1,0.2,5,0,DI=0,1,earlyDI>0
e9f0d7ce-9ecf-499c-ade3-4ccf6c6ef056,5,6,8,8,1,1,1,0.8,0,0,0.0,3,0,DI=0,1,earlyDI>0
ead29cfb-e032-48e0-9656-4313c10923e4,5,6,6,6,0,0,1,0.4,0,0,0.0,1,0,DI=0,0,earlyDI>0
eb7af643-ecbf-4c90-8659-ce0313fe852a,5,6,14,14,0,0,0,0.0,0,0,0.0,9,0,DI=0,2,earlyDI=0
ee0b734f-4496-48ad-8164-fd959b9dffdc,5,6,4,4,0,0,0,0.0,0,0,0.0,0,0,DI=0,0,earlyDI=0
ee3245bc-37b4-4ec8-ad37-8e0443d93d27,5,6,30,30,1,1,0,0.0,0,1,0.08,25,0,DI=0,2,earlyDI=0
ef5381c0-cf90-4d96-81e6-b0e3195cf14e,5,6,8,8,0,0,0,0.0,0,0,0.0,3,0,DI=0,1,earlyDI=0
f16691c6-eeae-4b99-b7b3-d0f2ca0d7686,5,6,10,10,0,0,0,0.0,0,0,0.0,5,0,DI=0,1,earlyDI=0
f25b7fd3-b0d1-4e3f-ad34-807cfb5d976e,5,6,14,14,1,1,0,0.0,0,0,0.0,9,0,DI=0,2,earlyDI=0
f2afa2e3-bd91-4e1c-839c-e1e867c5cd84,5,6,22,22,0,1,0,0.0,0,0,0.0,17,8,DI>0,2,earlyDI=0
f2b4ae3d-baaf-46e0-9ec8-ab37a6fb7425,5,6,4,4,0,0,0,0.0,0,0,0.0,0,0,DI=0,0,earlyDI=0
f3894be6-a7f8-40d0-80e4-420a0d7cf91b,5,6,30,30,0,1,0,0.0,0,0,0.0,25,1,DI>0,2,earlyDI=0
f3af7d01-78e8-44d2-8c89-3933ef994eab,5,6,4,4,0,0,0,0.0,0,0,0.0,0,1,DI>0,0,earlyDI=0
f43f6f2c-4397-48bb-b95d-d3fa527ce63a,5,6,14,14,0,1,0,0.0,0,0,0.0,9,1,DI>0,2,earlyDI=0
f455f752-2961-46f8-bb98-62f4c7878a63,5,6,16,16,0,0,0,0.0,0,0,0.0,11,0,DI=0,2,earlyDI=0
f5049b4d-372c-4ad6-8f19-36a51e2b748d,5,6,12,12,1,1,0,0.0,0,0,0.0,7,0,DI=0,1,earlyDI=0
f5171691-5a90-455f-b886-94fabf74ddc5,5,6,2,2,0,0,0,0.0,0,0,0.0,0,0,DI=0,0,earlyDI=0
f51fc985-e3e2-4aca-9f9e-7441ef5eb7f0,5,6,6,6,1,1,0,0.0,0,0,0.0,1,0,DI=0,0,earlyDI=0
f5a46115-ac9b-4888-a094-6ea525f2f581,5,6,18,18,0,1,0,0.0,0,1,0.7692307692307693,13,0,DI=0,2,earlyDI=0
f67981e1-d30e-4bb8-9551-17746b300511,5,6,6,6,0,0,0,0.0,0,0,0.0,1,0,DI=0,0,earlyDI=0
f6b635f5-6d8d-47fe-8dda-f5328155a874,5,6,10,10,0,0,1,0.4,0,1,0.4,5,1,DI>0,1,earlyDI>0
f6bb966f-bff6-461e-97ed-a590b60bc71a,5,6,10,10,0,1,0,0.0,0,1,0.4,5,0,DI=0,1,earlyDI=0
f764f59f-5967-4a53-b018-84a9d5ec8e9f,5,6,12,12,0,1,0,0.0,0,0,0.0,7,0,DI=0,1,earlyDI=0
f7a8e8bd-4b99-481f-8535-ba9d317a0959,5,6,18,18,1,1,0,0.0,0,1,0.15384615384615385,13,0,DI=0,2,earlyDI=0
f84b0eea-50ef-4703-83cc-08699634153e,5,6,8,8,0,0,0,0.0,0,0,0.0,3,0,DI=0,1,earlyDI=0
f851adf3-00bb-499f-9b3c-42d40b28515f,5,6,8,8,0,0,0,0.0,0,0,0.0,3,0,DI=0,1,earlyDI=0
f860c260-b14d-437d-96e3-ea6067897e8d,5,6,4,4,0,0,0,0.0,0,0,0.0,0,0,DI=0,0,earlyDI=0
f86c6b57-2acb-4f65-81c0-058c6bba8396,5,6,12,12,0,1,0,0.0,0,0,0.0,7,0,DI=0,1,earlyDI=0
f89c36a4-c70b-4d8d-989a-4496113e503c,5,6,14,14,1,1,0,0.0,0,1,0.2222222222222222,9,0,DI=0,2,earlyDI=0
f8b3a7c4-d468-4ece-add0-f28b2063f88d,5,6,64,64,1,1,0,0.0,0,1,0.03389830508474576,59,1,DI>0,2,earlyDI=0
f955954a-976c-479a-9e0f-957d634b3350,5,6,8,8,0,0,0,0.0,0,0,0.0,3,2,DI>0,1,earlyDI=0
f962354d-cb3a-4b51-a540-b944953f2570,5,6,26,26,0,1,0,0.0,0,1,0.2857142857142857,21,1,DI>0,2,earlyDI=0
f9c6cab2-bfff-40b3-b8c6-219ec820aae2,5,6,6,6,0,0,0,0.0,0,0,0.0,1,0,DI=0,0,earlyDI=0
f9cbaa81-bbbf-43bd-b7d9-b5a9d81d07b9,5,6,14,14,0,0,0,0.0,0,0,0.0,9,4,DI>0,2,earlyDI=0
fa3871b6-0850-4a21-b955-dbd64ee0f8e9,5,6,6,6,0,0,0,0.0,0,0,0.0,1,1,DI>0,0,earlyDI=0
fa8244bb-d1a5-43f1-bda6-a5ecce932968,5,6,4,4,0,0,0,0.0,0,0,0.0,0,0,DI=0,0,earlyDI=0
fdf4d2c9-9b4d-410f-ba01-314702673ae4,5,6,76,76,0,1,1,0.4,0,2,0.056338028169014086,71,0,DI=0,2,earlyDI>0
fdf6ab15-6bab-462c-9d7d-86ba87d69297,5,6,16,16,0,0,1,0.4,0,1,0.18181818181818182,11,0,DI=0,2,earlyDI>0
fe85b960-9b8f-490a-83dd-dfa2844bd134,5,6,2,2,0,0,0,0.0,0,0,0.0,0,1,DI>0,0,earlyDI=0
ff1ef8cf-2b1e-448f-ba84-05a77a55ecbd,5,6,26,26,0,1,1,0.2,0,1,0.14285714285714285,21,0,DI=0,2,earlyDI>0
ff280b98-06ea-4b01-ac78-ae29bd7b75c8,5,6,6,6,0,0,2,1.2,0,0,0.0,1,1,DI>0,0,earlyDI>0
