target_type,target_id,target_author_id,post_id,t0_dt,corrective_comment_id
comment,04da8a1a-b706-4468-9a34-50d1fc7906fa,b2042631-83c2-4889-9f15-c9bdfe6cf2d3,f3894be6-a7f8-40d0-80e4-420a0d7cf91b,2026-01-31 07:53:39.868178+00:00,38de3ded-1615-4279-9ad9-64af4d1d153a
comment,2c979073-fe85-4ed3-a838-b75d8fd6e50d,73fd4343-c7aa-4407-84df-8d53fe130457,5e96a27d-cc15-4157-9a4d-c3fb523761e2,2026-01-31 08:48:59.048540+00:00,4fff22c4-fd46-4de8-afbb-94293263fbd7
comment,458de333-10a6-436b-ac0a-8c0fb013a34b,2f9d6e16-22e1-437e-96dc-ac61379a47a7,4b281f45-0ddb-4011-bc75-0c11e7df7d0d,2026-01-31 09:12:02.340208+00:00,bd7d8614-bbc2-47ea-9d24-45800b0ee236
comment,7f927781-6c30-4e32-aa95-e85286fc1af2,56ed168d-6a05-4622-a9e7-43dd2a299c19,5e96a27d-cc15-4157-9a4d-c3fb523761e2,2026-01-31 08:46:31.946238+00:00,33240528-3eda-47be-a356-0590d26e560a
comment,a7d8c102-4ffc-4d72-8545-1a7da0e8d42a,2550d85a-6d8b-4272-bc1f-0ff3b019ca69,9b7333e3-1e6b-4075-9cea-3eb197f4c288,2026-01-31 08:43:40.884477+00:00,e9cc9d7d-6366-43e7-9cc3-0f80a40729af
comment,ac39d43d-5ad8-4712-9ac7-9df6b70364b0,c23df709-4a2d-487d-b839-cca8694d9099,5e96a27d-cc15-4157-9a4d-c3fb523761e2,2026-01-31 08:48:31.997920+00:00,93baf561-c297-4581-8bf7-ec8559d81797
comment,bcaf22a7-33a7-40e4-8ab4-895de70c09ce,379d7abd-32f2-4576-a08b-48e524e47dd0,5e96a27d-cc15-4157-9a4d-c3fb523761e2,2026-01-31 08:47:00.593549+00:00,ff3287c6-3704-432b-ae34-1912f2fd5b3e
comment,c4053afb-d650-4bb2-a78c-cff4577a304f,241106bd-968b-4078-9514-a27156d0cd95,5e96a27d-cc15-4157-9a4d-c3fb523761e2,2026-01-31 08:46:08.219992+00:00,dbf60cff-37de-48d3-94a3-76d9b9c6e16e
comment,e84b302e-1ca5-40e6-908d-7de8c073d664,2550d85a-6d8b-4272-bc1f-0ff3b019ca69,f43f6f2c-4397-48bb-b95d-d3fa527ce63a,2026-01-31 08:57:41.955673+00:00,acda11a0-d0d1-4226-b0b0-66b0859e2150
comment,ee852f23-0b70-49ed-aecd-85c8a5f0cff0,f969864c-268e-4856-83d6-f35cafec5456,7d6ba923-6978-428a-9071-a316538198b5,2026-01-31 08:32:58.453994+00:00,6a4f5b73-fee5-455f-9f0d-4d30bf857588
post,0068154f-7ffc-4006-b1e3-7bfbec7f6b4d,b24f6303-cc05-46aa-9e26-1420e0558b24,0068154f-7ffc-4006-b1e3-7bfbec7f6b4d,2026-01-31 09:33:56.900524+00:00,96da5d60-d270-4c85-9dbc-1c6f03fdb28a
post,00758160-1f87-451d-a364-4226d0595c1f,d79f5a50-3ddd-4f53-89a6-e10d204ea6c2,00758160-1f87-451d-a364-4226d0595c1f,2026-01-31 08:47:26.511234+00:00,ccdf0346-88d1-4993-a81c-9a562a7fc443
post,00bf2d2a-06bf-4a28-8c16-ac78ceb0877d,a8a347e6-bf66-44fb-9832-f5df36739781,00bf2d2a-06bf-4a28-8c16-ac78ceb0877d,2026-01-31 10:09:20.415240+00:00,0185f832-dc1f-48e1-a234-7d31d07a57f8
post,00c6b5b8-0ad3-4b4c-afb9-9dbef83163e8,6bf1ee86-a876-4b1b-acdc-fe83ded4da63,00c6b5b8-0ad3-4b4c-afb9-9dbef83163e8,2026-01-31 10:00:14.334106+00:00,28010c02-ec0d-4810-be0e-912ca537d7ed
post,01686456-78a8-41b5-8d7f-8e234ffecbcc,f67cc7bc-f5d8-42e2-b25c-104bba513a3c,01686456-78a8-41b5-8d7f-8e234ffecbcc,2026-01-31 10:12:26.498061+00:00,19fa1140-267b-49fb-9dab-275e299e3991
post,0191aa3a-b62b-4ace-8655-00ef1ae936b5,6e4657fc-9c1d-4dd4-9d7b-c554c7d3b699,0191aa3a-b62b-4ace-8655-00ef1ae936b5,2026-01-31 10:23:25.606456+00:00,05115c68-f11a-4f25-9e24-9570c71eb80e
post,01f0ca5c-5501-48d8-9fd5-b059bef51435,9cbe3319-b61d-4b1e-a1bc-c9480a2d2bc1,01f0ca5c-5501-48d8-9fd5-b059bef51435,2026-01-31 08:48:31.941786+00:00,429410eb-7772-46b4-be40-d5b6c31a9a63
post,03050946-5f78-4085-941e-f1240df89e07,b6f7974c-0c06-4168-a735-7755e73005e7,03050946-5f78-4085-941e-f1240df89e07,2026-01-31 09:19:22.952409+00:00,78b1285c-c21f-4452-a5fd-7e878f5af9bb
post,0550e149-ba84-440d-bed9-daafdf27c899,bc61effe-cbe8-4621-8610-7b2dd3dc4d7a,0550e149-ba84-440d-bed9-daafdf27c899,2026-01-31 09:55:32.495876+00:00,66696f0e-9fea-4246-adfb-8756cd684cee
post,06fde151-780e-49ae-8cb2-7720286c6e2f,fe8de6ba-4c0e-4e72-a40a-dda5e31ec03d,06fde151-780e-49ae-8cb2-7720286c6e2f,2026-01-31 10:04:38.248729+00:00,e429b10e-61b9-4929-ad28-7620d6e01671
post,07b9d727-99c6-44a1-9b40-5773157d5d05,0bd24cc2-f042-4951-8400-38bd655102c6,07b9d727-99c6-44a1-9b40-5773157d5d05,2026-01-31 08:55:25.164788+00:00,eb2a1093-3d72-46f0-b615-ce23cac68c7d
post,0a3813cb-8d93-4a45-84a7-851ce4061166,81f5b690-7e20-4ef6-9912-b8763633dc84,0a3813cb-8d93-4a45-84a7-851ce4061166,2026-01-31 08:46:07.392649+00:00,71651b03-6bc5-42a9-85cc-d87808a7c2c0
post,0b56559c-2818-47b1-8bbb-56aeb99ba5f0,0fdb8dbd-ebc0-47fc-b956-8dbe263c10b5,0b56559c-2818-47b1-8bbb-56aeb99ba5f0,2026-01-31 10:15:11.249989+00:00,0cd6dae3-92dc-47a0-a0ce-fce179195ade
post,0c9b9f40-db9e-4c2e-9182-d2b78e4c25ae,40c93b1c-a16a-42c2-b9c4-3073816053c5,0c9b9f40-db9e-4c2e-9182-d2b78e4c25ae,2026-01-31 10:10:09.806563+00:00,6de0ba0b-b9ff-4acd-8503-4795810c4d90
post,0d6f9c0e-3322-4224-94a2-aa405246a41d,5acbec68-4ab0-46ad-aaca-74c8127c9b97,0d6f9c0e-3322-4224-94a2-aa405246a41d,2026-01-31 07:47:10.206802+00:00,7faf960a-3bd8-4c35-a9cb-7303c1a6cd78
post,18e2a7d2-1320-45c0-9d1b-354e9b5b4be0,ba46289b-a2be-4788-8fa2-14cb36ca69c1,18e2a7d2-1320-45c0-9d1b-354e9b5b4be0,2026-01-31 08:41:14.362638+00:00,ed8e9c58-4184-42ab-be70-56cf73b3b92d
post,1cc692cc-d090-453f-a4be-2e952cba80fb,25db37a1-8d80-45d8-8477-b8e5032f0f16,1cc692cc-d090-453f-a4be-2e952cba80fb,2026-01-31 09:33:35.534595+00:00,beeca98b-8893-4d1f-8f45-d0f7945be098
post,1ce75c0c-1f0b-43f4-9f00-4941a35c358d,97c89210-cfd4-40e8-b830-9b6eec0a8468,1ce75c0c-1f0b-43f4-9f00-4941a35c358d,2026-01-31 09:33:38.769992+00:00,10eaa2f3-1d34-46a2-8d7c-d71a292ba430
post,1e70c814-3ba3-45a1-970b-5c7d9074596b,3faf234f-3219-4206-9aed-3fbe3affc312,1e70c814-3ba3-45a1-970b-5c7d9074596b,2026-01-31 08:40:51.583426+00:00,37bd1f1a-d409-48ea-a4c9-b3f852c4e00a
post,1ff9431a-8afe-450b-bfaf-506783c8ba3e,ffaac83f-2595-4f47-a16c-f4515109341f,1ff9431a-8afe-450b-bfaf-506783c8ba3e,2026-01-31 08:53:30.998125+00:00,be841553-d19e-466d-83e3-dbc2393e966c
post,21e55d11-52c2-4422-9baf-dbdef88b76ca,43b60894-0a74-42ea-9d35-3b89ffd8a717,21e55d11-52c2-4422-9baf-dbdef88b76ca,2026-01-31 08:49:29.961529+00:00,ec1c3724-261e-4c6a-a8ca-afd7e2a29404
post,23442378-1b15-4922-b2c1-c1e0d13bc997,4ec17684-10b7-47a3-8132-d35d152708bd,23442378-1b15-4922-b2c1-c1e0d13bc997,2026-01-31 08:44:23.384955+00:00,602d1e75-621c-4b3b-a37b-a397db3656b5
post,2849773d-98f7-4f80-b3a2-7c592f371ad0,faef5955-2bad-4fa0-9ef5-85d14f3db049,2849773d-98f7-4f80-b3a2-7c592f371ad0,2026-01-31 08:41:21.501330+00:00,badc9322-2d60-4270-b6c0-e59e7e160568
post,28fef1ad-ab48-4bdf-b3af-8b9a9f2fd1e5,278a6026-ae5c-478b-a16b-fab308f5fa43,28fef1ad-ab48-4bdf-b3af-8b9a9f2fd1e5,2026-01-31 10:10:51.518312+00:00,92acc5cb-5e06-4c42-8a23-5d96ead00ac5
post,2ca68432-8509-4229-b211-ce4779d81354,e8840f26-03b3-4b2c-843d-e0d25d34a391,2ca68432-8509-4229-b211-ce4779d81354,2026-01-31 09:12:52.763368+00:00,0f731f76-7a8b-49ba-98b1-3ea358d2f572
post,2f117435-8b66-4675-9268-d12d9fbd89ac,5f5d734b-9d92-42de-9641-be42f7cd56a3,2f117435-8b66-4675-9268-d12d9fbd89ac,2026-01-31 09:14:37.195097+00:00,6e5b5596-5c35-4f3a-82f6-b851ab532d95
post,2fcacc6a-a21c-42a3-b8b1-20f137368eb8,2b42efca-e221-482d-bd3c-66dc20655acf,2fcacc6a-a21c-42a3-b8b1-20f137368eb8,2026-01-31 10:12:54.317684+00:00,6c5008ac-35c7-49e5-bcfa-f99492638631
post,339a69ac-1f4b-428e-9e0e-ccb1d5de9ba1,3e7a3b89-40bf-4af9-bdcb-55d81c7d5abd,339a69ac-1f4b-428e-9e0e-ccb1d5de9ba1,2026-01-31 08:42:46.268441+00:00,d6c2cceb-d7bb-4450-9f65-bedc31432285
post,343bd3bc-7578-4ae4-815f-6b348d8f52d1,1bda868d-423d-48e2-bde8-5a87d870769e,343bd3bc-7578-4ae4-815f-6b348d8f52d1,2026-01-31 09:56:08.363524+00:00,707ce04b-ece8-4681-a9cf-d2f6fb129ee0
post,349ded1d-a2af-41c5-a8b4-2166f3c8d435,5175790c-bb40-4985-ad0f-28d1573a2437,349ded1d-a2af-41c5-a8b4-2166f3c8d435,2026-01-31 09:56:22.790715+00:00,abfa57dc-6e3d-472e-a363-486464c23303
post,36b899f5-3fc9-4082-bb03-02fd86f14504,5da285f1-3054-40d7-a045-113291c2faeb,36b899f5-3fc9-4082-bb03-02fd86f14504,2026-01-31 10:14:48.124525+00:00,ac48c702-2a63-4499-98b0-5e48be224b5b
post,36f99c0c-26ec-4ddd-9902-756636e7c61f,2574a259-d133-4201-8623-9a1666cb760f,36f99c0c-26ec-4ddd-9902-756636e7c61f,2026-01-31 09:11:49.834115+00:00,2b58cc69-db5a-4dc7-9f72-1386da1b21b1
post,37f18a94-c95b-4301-96ea-fb3b38aa6a5e,98398138-64a0-4764-b8d7-9a982db03bf0,37f18a94-c95b-4301-96ea-fb3b38aa6a5e,2026-01-31 08:08:43.156290+00:00,3e3a8a4f-3bc9-4a6b-95c5-1c115ff1668f
post,393722f4-3208-4711-9cfa-ba9d1c0f48c7,696dc94d-3d46-44c8-9d6c-e6a4b3d09d54,393722f4-3208-4711-9cfa-ba9d1c0f48c7,2026-01-31 08:30:20.979995+00:00,f6ecf8f7-d0fd-44bb-baf3-453602ace8a9
post,39758b3c-8670-4203-b049-eae13669abf8,26f8ea24-692d-4f02-af3a-1caf58b61f09,39758b3c-8670-4203-b049-eae13669abf8,2026-01-31 08:37:46.846706+00:00,201047e1-4f1b-4ce8-a8cc-f5134996a55c
post,3a7f0c93-0f64-4be6-975c-a00ffbce26d3,9fc2f6bd-9fcb-43f2-be34-3fd99c292f46,3a7f0c93-0f64-4be6-975c-a00ffbce26d3,2026-01-31 08:44:08.841555+00:00,505eadb6-f322-472f-9b56-a8ee07de3d11
post,3a97e31c-ae64-4d2a-bc9e-688fd89be4d0,39166733-e31c-42c9-be6a-c26c69b6f68d,3a97e31c-ae64-4d2a-bc9e-688fd89be4d0,2026-01-31 08:48:26.109168+00:00,44b5e4d5-8ab1-4354-b075-c1cae9fe2fb3
post,3c3dfa66-494e-49cc-afdb-ff4fe6f464c6,aeb2d57a-08ff-4afa-b4a7-e915ec66a5bd,3c3dfa66-494e-49cc-afdb-ff4fe6f464c6,2026-01-31 08:39:08.422248+00:00,9ff8606a-43de-40da-bd30-0fe47a6a1082
post,3cb230f1-f29d-427b-af02-fe92f30254b9,4c02e52b-8a63-49ce-9b90-496b19db35af,3cb230f1-f29d-427b-af02-fe92f30254b9,2026-01-31 10:08:38.554103+00:00,48bd9410-8f12-49f3-bc30-78c5e2098024
post,41087a11-12b5-4d94-aea5-fffac0d9870c,9738e021-9a2d-4b5a-a1c3-9fe582a72db2,41087a11-12b5-4d94-aea5-fffac0d9870c,2026-01-31 08:54:40.430525+00:00,c82f3776-bdb1-4d18-9a53-5c2522308c81
post,433f473b-b4ca-4aa8-9b45-1d447a9a6eaa,646a2322-d5b3-4540-af9e-33503de7a34b,433f473b-b4ca-4aa8-9b45-1d447a9a6eaa,2026-01-31 10:16:05.203544+00:00,01d41805-c982-4701-a0a4-b283da6e99ba
post,440d9b4c-c9fb-4d55-a47f-cf276f52f0a8,9010ef24-b603-4576-9629-c92817c96afc,440d9b4c-c9fb-4d55-a47f-cf276f52f0a8,2026-01-31 10:21:55.682489+00:00,d039c692-2976-4fde-8114-8f2ad59d2551
post,4490fa07-6a1d-4c94-89f4-c8910c62f381,53feaa55-32ed-423e-982a-d2c55ee5a340,4490fa07-6a1d-4c94-89f4-c8910c62f381,2026-01-31 08:44:00.119324+00:00,96298d34-ba06-4638-a9e4-620bcae1c847
post,453c1e1a-1140-4331-9af0-dd9f5e02e44a,dfd882f8-1077-4a2b-9b85-3694578d11d6,453c1e1a-1140-4331-9af0-dd9f5e02e44a,2026-01-31 08:46:13.809341+00:00,70cfc100-843e-49b1-86ce-f751c442e320
post,457d6179-f893-4664-a717-9bd4d98402d4,c659ca01-438c-4c6d-aa12-6def28eda76d,457d6179-f893-4664-a717-9bd4d98402d4,2026-01-31 08:51:47.546455+00:00,dbb23d19-d4ce-4dd8-a00e-6ee6260934c5
post,478281f2-7c2c-450b-8e12-6bc9b474f664,c63e35f4-1280-4b48-b628-8c14a0d9e150,478281f2-7c2c-450b-8e12-6bc9b474f664,2026-01-31 08:48:57.234130+00:00,019ddd85-dd92-4d68-8b88-f133449d90a6
post,4add801f-2d9c-4cdc-8443-6e04d9ce36d5,bedc6975-caf2-4a2c-afd7-9c66e373e3bc,4add801f-2d9c-4cdc-8443-6e04d9ce36d5,2026-01-31 08:01:15.405469+00:00,076be382-d125-4947-b9b5-4f2a70c9578c
post,4b281f45-0ddb-4011-bc75-0c11e7df7d0d,a1d36af4-a8de-45ab-b8ce-35735f98d157,4b281f45-0ddb-4011-bc75-0c11e7df7d0d,2026-01-31 08:49:34.551573+00:00,c4e1c154-e7b8-4f59-9ed2-a770950a2918
post,4ba6d399-4c80-4997-a9bb-8d09888317cc,2550d85a-6d8b-4272-bc1f-0ff3b019ca69,4ba6d399-4c80-4997-a9bb-8d09888317cc,2026-01-31 08:46:23.906680+00:00,2a4d8a0a-a1ce-404a-a26e-ab890ee8b807
post,4de197b7-65a7-4301-b52f-051532a1c16d,8570f76f-9da6-43ec-a212-c57bb50c1c1f,4de197b7-65a7-4301-b52f-051532a1c16d,2026-01-31 08:39:22.367815+00:00,48d05e5e-66a9-4701-9734-55923e54c676
post,557fe792-9a1b-4b3c-a738-fedd67776e74,523651be-f209-4e46-9bae-4d7adf3947dd,557fe792-9a1b-4b3c-a738-fedd67776e74,2026-01-31 08:21:01.166470+00:00,9cb4f590-54a3-43d5-9408-dd970628afda
post,573435ab-11f4-40c5-8d08-fcb23538da8a,eacd7b98-74f5-40ca-a2a5-875b6e459d53,573435ab-11f4-40c5-8d08-fcb23538da8a,2026-01-31 08:38:01.469657+00:00,f35c8c69-3bcd-4640-b600-04cb761d6085
post,5bcab17d-ee63-4f98-bbdd-eb81c7727e04,222b320f-accb-4d98-9d1e-effc00b07719,5bcab17d-ee63-4f98-bbdd-eb81c7727e04,2026-01-31 08:43:37.859558+00:00,0e0022c1-2d4c-4b42-bf8b-8e11cf2daaf2
post,5ce9ae8c-46f6-4aa8-9d84-ed1b7da10b6d,e96c249d-c9ec-4fef-b6e2-a9f3d4384f36,5ce9ae8c-46f6-4aa8-9d84-ed1b7da10b6d,2026-01-31 08:41:33.249558+00:00,94901e77-faea-4fdf-b1c7-c17af9eb51ee
post,5df3a47f-03fc-4c93-8f75-d2bccb3567c7,279e64b5-18b8-4e1d-bf75-21b370ae6138,5df3a47f-03fc-4c93-8f75-d2bccb3567c7,2026-01-31 08:40:39.054443+00:00,ce2efa68-f644-4f9c-8187-0d402c0677ab
post,5e96a27d-cc15-4157-9a4d-c3fb523761e2,902155da-5c35-40ba-a983-dd16fb7fa757,5e96a27d-cc15-4157-9a4d-c3fb523761e2,2026-01-31 08:38:16.516984+00:00,ac39d43d-5ad8-4712-9ac7-9df6b70364b0
post,5f82fb02-6766-4ffa-a729-f4121ee6ba66,5478dfb6-6604-4157-b3c8-f215d77e2170,5f82fb02-6766-4ffa-a729-f4121ee6ba66,2026-01-31 08:45:36.639254+00:00,c8bd4495-4225-4bd0-84fd-fdc6946e90d9
post,605362d1-9fe9-4c53-8dcb-a20410a77504,f9658711-c03b-4c78-ae65-6cb2d33e17b7,605362d1-9fe9-4c53-8dcb-a20410a77504,2026-01-31 08:46:33.756000+00:00,0220d3fa-50f8-4b67-bba8-e45aa374ba1d
post,69c37b18-5b36-4678-8fab-f0a69a93cae7,a2dd51eb-46ed-48b9-b952-f123c9514646,69c37b18-5b36-4678-8fab-f0a69a93cae7,2026-01-31 09:19:45.629095+00:00,32d98fb6-6a94-4bb8-ade3-10ddeba2f4b4
post,6df81bfb-ee6b-4655-a63d-7dfb035cc5f4,5a690644-0db7-4bbf-b02a-853ec07310a5,6df81bfb-ee6b-4655-a63d-7dfb035cc5f4,2026-01-31 10:11:56.271101+00:00,8bb2b36d-3d37-43c1-9e06-21b0bbf34597
post,6eb4b707-1bfe-4e21-a9ae-81dd9872e642,aa298177-4aa6-49be-a03c-c16827e2c46c,6eb4b707-1bfe-4e21-a9ae-81dd9872e642,2026-01-31 09:11:07.948010+00:00,c7555845-d40b-43b5-b9a5-98d144a50f28
post,70cc3543-cc41-4cbf-8f9d-00a258dcc400,a2e0ac73-4902-4a9a-8850-be5f5bf73b9b,70cc3543-cc41-4cbf-8f9d-00a258dcc400,2026-01-31 09:56:09.778615+00:00,b7a0dba9-ca90-4e95-9eb4-18dffd75191c
post,71c5c7e9-677f-40c2-9baa-d9ad9e6663f1,02d571b0-926b-4099-96d7-aa80e6f757fe,71c5c7e9-677f-40c2-9baa-d9ad9e6663f1,2026-01-31 10:17:50.432890+00:00,58572e5a-b406-4a52-be05-ad2c14d4c671
post,71f19971-6c41-4816-8f42-411171893a0b,9cb95634-142e-47c6-bfc6-36e13de062c6,71f19971-6c41-4816-8f42-411171893a0b,2026-01-31 09:58:18.828424+00:00,579d5fa2-81f8-41ff-b5eb-fffd9755c614
post,72382b27-ee1a-4fa5-8f5f-649cfe9bf368,b1d55a4c-0665-4d51-99ba-36e8c7480700,72382b27-ee1a-4fa5-8f5f-649cfe9bf368,2026-01-31 10:12:43.478763+00:00,26088302-1606-456b-9060-fb1ba952180b
post,7402dca5-2567-4cee-800b-6439d10b19d4,bbffb3f5-0b70-4de6-b728-d9d52bcfa05d,7402dca5-2567-4cee-800b-6439d10b19d4,2026-01-31 09:55:40.115501+00:00,79335040-d30a-4bec-b768-620bf131772e
post,758bd3ae-247a-4701-9943-2470ab54f7c7,7fb75d01-7d17-436f-9dd9-ef2da6f9511b,758bd3ae-247a-4701-9943-2470ab54f7c7,2026-01-31 08:07:25.515943+00:00,21a6b27a-9070-45b7-a8a2-6d63334c6a92
post,7a5349a5-d25d-4166-a396-9b3391c34a96,29d0a2f9-f5e9-4d42-9ca8-816e660c0c51,7a5349a5-d25d-4166-a396-9b3391c34a96,2026-01-31 08:40:26.007250+00:00,0a5e045e-9bf0-49a2-8f6d-ba1ee987083d
post,7adb4cf6-c356-4c25-9e37-a940aef40b70,ebc86fe6-945f-4024-b1b4-656274884647,7adb4cf6-c356-4c25-9e37-a940aef40b70,2026-01-31 08:55:43.404166+00:00,077c26fb-d589-4252-a4d7-fb73683670e6
post,7d6ba923-6978-428a-9071-a316538198b5,29b456ab-cd59-4d31-8a4f-00ca7173f7d5,7d6ba923-6978-428a-9071-a316538198b5,2026-01-31 08:29:01.138547+00:00,ee852f23-0b70-49ed-aecd-85c8a5f0cff0
post,7f2c8af0-9238-44bd-bf9a-b1f88b9563b5,8b1e76ac-9ecf-49c9-80ed-71121221fc9e,7f2c8af0-9238-44bd-bf9a-b1f88b9563b5,2026-01-31 08:41:50.979423+00:00,71d88a91-d763-4410-8ffa-97a1bc778293
post,8d35b578-d702-49b2-8f9e-d78ace2d0ba0,1d76c0b9-63f1-4124-9aa0-28a424194605,8d35b578-d702-49b2-8f9e-d78ace2d0ba0,2026-01-31 07:58:58.931342+00:00,fdf2322b-aeb2-4cec-bab7-da0a7066e1a4
post,8d61e5fb-ffe7-4473-96d2-0bd1b4554c1b,7293c105-cc43-45c8-9624-eb2b247c0481,8d61e5fb-ffe7-4473-96d2-0bd1b4554c1b,2026-01-31 08:40:12.293084+00:00,b679006e-9ecb-427d-b320-f04e2e0d3c0a
post,91f90127-295e-48a7-974e-1467bc0461bf,f41f3afe-ff74-412a-a965-1f0ab5cafea8,91f90127-295e-48a7-974e-1467bc0461bf,2026-01-31 08:54:49.008282+00:00,53438ef0-f09f-4fcd-b00e-c01ddf42b67c
post,93570192-3a09-4007-b283-264e73da9685,ae70d4fc-73e0-47a5-9db9-07be26560034,93570192-3a09-4007-b283-264e73da9685,2026-01-31 08:51:16.569709+00:00,58ae4e13-6f9f-49b1-a8c0-929bd05caf2c
post,95f888fd-9327-4241-95d4-3a98e7e8a4ee,d03d0ef7-ebf3-4517-8c6e-71c4e018aa48,95f888fd-9327-4241-95d4-3a98e7e8a4ee,2026-01-31 10:08:04.232815+00:00,2d729f1a-9206-4b91-8fd2-3d8877389b1e
post,96fb5f97-de92-4b0b-bbe7-0e6dc9aadd36,93065358-f213-4da9-838d-c40641f683f2,96fb5f97-de92-4b0b-bbe7-0e6dc9aadd36,2026-01-31 08:47:37.278638+00:00,8f1e44e4-8d38-4f47-a024-36b797c645af
post,97acc833-1a9c-44eb-8b0c-f49c58840346,e5beb325-a739-4593-840e-6a0f0b921bbf,97acc833-1a9c-44eb-8b0c-f49c58840346,2026-01-31 08:44:54.875256+00:00,78970a39-b3d1-4f19-96eb-4cf5104cfe00
post,9b310fb0-8792-439a-991c-4048442a7ad2,79c59ca8-b608-4c46-a330-28a5f94ae345,9b310fb0-8792-439a-991c-4048442a7ad2,2026-01-31 10:04:54.527974+00:00,1d97f5ea-87d4-4f2c-920e-bcce0962c403
post,9fe3a0df-2d44-4864-a992-ef27c68f19b5,acb4088b-a41a-4cf3-9ccb-a0fac9d9aaf8,9fe3a0df-2d44-4864-a992-ef27c68f19b5,2026-01-31 10:10:35.996303+00:00,1e322dc2-af79-462d-8fc2-88dcf2479e81
post,a11d54b8-4deb-4975-aec1-574556ba68a1,156d4e8e-83b3-4b6e-8731-83b01c67feba,a11d54b8-4deb-4975-aec1-574556ba68a1,2026-01-31 08:48:38.358566+00:00,c631af6a-f897-4cac-bb3e-4db32ef6013d
post,a2a321a5-9418-40fa-a59b-534f94e21fef,28bdca21-ee90-4d99-96e7-4dd62b58fd14,a2a321a5-9418-40fa-a59b-534f94e21fef,2026-01-31 08:38:35.491398+00:00,5c3af98e-da81-4f6b-84cb-741aa6eec898
post,a370ae7d-85bd-4fc9-81a8-6ea08e4abfd2,d0595a74-fc35-42f1-a812-86a225a217a4,a370ae7d-85bd-4fc9-81a8-6ea08e4abfd2,2026-01-31 08:55:21.336040+00:00,6b88ccef-27fc-441d-bc6d-2fa88f6e5a3d
post,a3f52205-1a5c-447a-944b-2625aee7a007,238a84df-0136-482c-a5c1-d208e49cf565,a3f52205-1a5c-447a-944b-2625aee7a007,2026-01-31 08:48:22.816559+00:00,0b7c6dff-12b6-457f-bea6-9789a1bc0478
post,a7da18d7-9677-4eef-a62e-0a6c96537712,c5873839-c34a-4e1f-bc8f-c023a696246f,a7da18d7-9677-4eef-a62e-0a6c96537712,2026-01-31 08:29:29.809539+00:00,ebfdfb6a-98c2-4ba3-95d7-799600fee382
post,a9a6c8d5-9403-4ec0-a0a9-bb1c8cfae9af,5170f54e-11c0-4f87-a9ef-4d503a3b40b7,a9a6c8d5-9403-4ec0-a0a9-bb1c8cfae9af,2026-01-31 08:55:45.417225+00:00,ebf7b819-1285-4eb3-bd4e-f13ee149bb30
post,aa415937-1c59-4d55-ab14-e9b06b7f874e,e4f448a3-3930-4d1c-b76a-93bbddbd3b18,aa415937-1c59-4d55-ab14-e9b06b7f874e,2026-01-31 08:53:45.264284+00:00,d80dbe0e-f103-4143-8497-ce860294455d
post,aa882c9a-1a7e-453d-858e-64cd69e9929d,16670918-2fe3-49f0-816f-49beb2a0edb5,aa882c9a-1a7e-453d-858e-64cd69e9929d,2026-01-31 08:44:10.145332+00:00,1d1e67b1-9084-43be-bec8-dfe512c65de6
post,abbc3ed7-8683-4783-91fa-c51b7eaeece9,9698e86d-dd8b-4bac-9c04-1f5048ac1d64,abbc3ed7-8683-4783-91fa-c51b7eaeece9,2026-01-31 09:31:13.576949+00:00,68c5369b-d8d8-4546-b3ce-383024730fd1
post,ac10a388-1f45-4dc2-84f7-671876aa7b1d,8377b3a8-0061-487a-b699-cbc12068ea76,ac10a388-1f45-4dc2-84f7-671876aa7b1d,2026-01-31 07:46:45.749363+00:00,c35dcea6-4190-4d8d-b535-3fab312c3d37
post,adfe6531-3449-4cfe-8064-7e5732663044,7b92d1b8-6116-4342-a463-18d27bef9c3b,adfe6531-3449-4cfe-8064-7e5732663044,2026-01-31 09:56:08.702799+00:00,c848ee9f-af5c-49fb-9a8b-7f12c22ed296
post,af83aee4-dc14-4494-a243-36053444b718,9b27078c-3e8a-4bdd-a96b-b35dfecb981d,af83aee4-dc14-4494-a243-36053444b718,2026-01-31 10:31:03.988996+00:00,a27e7bb3-a3e2-48ff-969c-213f8b1b7e04
post,b2778758-7ec4-4597-98f6-1e5bb843ad21,ca73cf57-b8ad-4219-8442-f510ffbb708e,b2778758-7ec4-4597-98f6-1e5bb843ad21,2026-01-31 08:41:50.761212+00:00,cd562847-3fe7-44eb-b48c-93b6e457b8bd
post,b2ef8f90-f8a2-4d1c-9b07-b4c3c19631f2,9ca724e7-f4c0-41ec-8d39-3cfca66e1764,b2ef8f90-f8a2-4d1c-9b07-b4c3c19631f2,2026-01-31 07:46:13.539327+00:00,fd933919-61b1-435b-96e8-e6d2e3ccf5ae
post,b3d67825-021c-4b0d-984f-a209898f4642,f969864c-268e-4856-83d6-f35cafec5456,b3d67825-021c-4b0d-984f-a209898f4642,2026-01-31 08:44:31.778385+00:00,97c21f0a-3b38-4226-982b-927eb76d3e24
post,b48e505b-6c68-4e7d-863a-723f46bbc9ac,71843319-ef44-4690-8f10-95245835c95a,b48e505b-6c68-4e7d-863a-723f46bbc9ac,2026-01-31 10:11:00.547898+00:00,760393c0-c5ed-4654-a752-7edcc6f9d9e4
post,b7d4fb80-9e68-49db-84e3-be91579823d4,2595b8db-cf80-4761-b594-88250f2183b4,b7d4fb80-9e68-49db-84e3-be91579823d4,2026-01-31 07:56:30.999336+00:00,06bcfe6a-3127-494d-b9e6-1423f4f80bc8
post,b9233ba2-35bd-4e2f-ab36-b1163a97ff24,9ca724e7-f4c0-41ec-8d39-3cfca66e1764,b9233ba2-35bd-4e2f-ab36-b1163a97ff24,2026-01-31 10:06:58.816555+00:00,e6ef6566-de13-4555-abcb-72a2bbbf3006
post,bb7f9f6c-9359-4444-bc90-29e2870f7fec,a18dd4ed-aa95-49c6-bea5-463d82220900,bb7f9f6c-9359-4444-bc90-29e2870f7fec,2026-01-31 08:08:22.000165+00:00,b2102a49-a68b-45a5-9cbf-90f8d0c5a416
post,bc9ecf67-604a-49cd-ab09-24b119a90c7d,f71dd64f-6b7b-42ad-9802-02cd29fb7aeb,bc9ecf67-604a-49cd-ab09-24b119a90c7d,2026-01-31 08:46:43.786496+00:00,b277dbdf-5a04-416b-900b-080317abaeff
post,bea4d2d3-7ff1-4967-b929-41a79a3693d6,0bd24cc2-f042-4951-8400-38bd655102c6,bea4d2d3-7ff1-4967-b929-41a79a3693d6,2026-01-31 08:51:59.373699+00:00,3e870506-bad1-471e-a8de-63703b8cea1f
post,c3e8dedc-1e4f-4ad7-a3d0-d08246ff1d2c,515b8dbd-70b6-46d3-8681-55de81ecec1f,c3e8dedc-1e4f-4ad7-a3d0-d08246ff1d2c,2026-01-31 08:41:14.903464+00:00,e0d8dc5a-d800-456a-9fec-791611f9c7c7
post,c7f70037-e684-4679-a241-fd32af30fe86,565e504f-e995-48f2-bf72-2d5d61d05ff3,c7f70037-e684-4679-a241-fd32af30fe86,2026-01-31 10:10:12.095712+00:00,dae7449d-2634-4552-8223-d89bbe1eff63
post,c94ee696-7efd-4240-843d-6be96144d168,17460f94-f97d-4cc3-9cd6-4ae76fc6ffed,c94ee696-7efd-4240-843d-6be96144d168,2026-01-31 08:00:52.759843+00:00,00a24063-23b2-40f3-91cb-cfa8b5cf5fe5
post,cc581741-21be-477d-94dd-610b37aad86d,6a8391c2-ee83-4775-8a1b-a79806da4a5d,cc581741-21be-477d-94dd-610b37aad86d,2026-01-31 09:12:39.399052+00:00,88a7b590-d235-45b4-abf7-d6adb07110b1
post,ceb683bf-d7ed-40f7-9f46-3e30eb921c5e,7485927e-19b0-40f0-829f-3b82a5ed6c8e,ceb683bf-d7ed-40f7-9f46-3e30eb921c5e,2026-01-31 08:27:09.795946+00:00,6dd18a82-3c3e-48d7-b57b-23e946e315c9
post,d66652c3-835a-4820-af29-5654062466cb,aea1bfc2-eac9-4603-9720-c0759c8d1078,d66652c3-835a-4820-af29-5654062466cb,2026-01-31 07:51:19.954431+00:00,b6d96d80-da6e-4bd9-bd1e-6c1e98bd0c3f
post,e0806c4c-6d9c-4486-98fc-908fa04bee21,98398138-64a0-4764-b8d7-9a982db03bf0,e0806c4c-6d9c-4486-98fc-908fa04bee21,2026-01-31 08:41:14.424229+00:00,98e58094-4fab-44ed-9746-c998d33c516a
post,e1c6a79a-9f08-4d13-8ba6-f9a2a4e03962,01cd9c35-91fa-4730-8a4a-b8a1b9150be7,e1c6a79a-9f08-4d13-8ba6-f9a2a4e03962,2026-01-31 08:41:22.238143+00:00,e913b1bd-3c1d-4a25-bbfe-f9f59dd0e28f
post,e5604fe6-e038-410f-b0ce-eccb51181203,ca7eed44-0c7f-434a-99bb-5ca642d49c7d,e5604fe6-e038-410f-b0ce-eccb51181203,2026-01-31 09:36:33.951184+00:00,f2f59555-7e99-461a-adad-fb7872495f68
post,e635047c-8866-4956-a3a3-155da1fc9081,e7a56ce0-066e-4a7d-84b9-dcecbab2d47c,e635047c-8866-4956-a3a3-155da1fc9081,2026-01-31 08:06:28.301081+00:00,795b10d1-07b0-4d52-9064-6723cdf20c24
post,e7de1959-72da-4097-b146-59142c76b6bc,3996cd7b-1841-4dc4-aadc-86826aa7dbec,e7de1959-72da-4097-b146-59142c76b6bc,2026-01-31 08:55:01.767728+00:00,10c04c6e-fba8-41fd-bd98-8f1aed4fc63d
post,e8166219-3ea8-4be5-8c5c-68d8af71ac04,49103646-829b-43d9-9baf-c424a73e267a,e8166219-3ea8-4be5-8c5c-68d8af71ac04,2026-01-31 10:12:25.891965+00:00,78f959ec-8845-4eff-94c0-2824fc15011a
post,e981e306-28e4-4f9b-b12b-cd7d56678473,fed7f177-66a1-4be9-83f2-1e00d8c1e6e5,e981e306-28e4-4f9b-b12b-cd7d56678473,2026-01-31 08:44:42.582005+00:00,20fcd33c-0f2d-4d16-83d6-9bbdb5b42102
post,e99608fe-0cb6-4761-8297-7f177a264ab4,21256a8d-4990-4464-80e4-513e95d1793b,e99608fe-0cb6-4761-8297-7f177a264ab4,2026-01-31 08:51:25.827225+00:00,0b3cbd20-06c8-46a8-8b9f-e333af577e04
post,e9f0d7ce-9ecf-499c-ade3-4ccf6c6ef056,a0487e2f-47e0-4a23-925c-15fed3eea6a0,e9f0d7ce-9ecf-499c-ade3-4ccf6c6ef056,2026-01-31 10:05:13.893754+00:00,7008caf5-2fe6-4378-bccb-88e25bceb468
post,f25b7fd3-b0d1-4e3f-ad34-807cfb5d976e,2e9b774e-3c2b-43f1-89da-da2c74514812,f25b7fd3-b0d1-4e3f-ad34-807cfb5d976e,2026-01-31 08:39:53.789230+00:00,49b464e9-44db-4f77-91b1-ffd7113f351c
post,f2afa2e3-bd91-4e1c-839c-e1e867c5cd84,6e4657fc-9c1d-4dd4-9d7b-c554c7d3b699,f2afa2e3-bd91-4e1c-839c-e1e867c5cd84,2026-01-31 08:58:39.918358+00:00,35fc445c-0ea0-4541-8dd0-64f7ed10e018
post,f3894be6-a7f8-40d0-80e4-420a0d7cf91b,e130473c-7278-4465-a91c-769b6d922c4f,f3894be6-a7f8-40d0-80e4-420a0d7cf91b,2026-01-31 07:51:54.536414+00:00,04da8a1a-b706-4468-9a34-50d1fc7906fa
post,f51fc985-e3e2-4aca-9f9e-7441ef5eb7f0,5444073f-3e72-41b2-8430-48abf385e0b8,f51fc985-e3e2-4aca-9f9e-7441ef5eb7f0,2026-01-31 08:10:06.006618+00:00,1905855d-8b4b-4871-9496-a1d346251d06
post,f5a46115-ac9b-4888-a094-6ea525f2f581,bd941340-1f0a-43df-bd2e-0fbd7df3b558,f5a46115-ac9b-4888-a094-6ea525f2f581,2026-01-31 10:16:27.748423+00:00,efdc7ed9-1f9e-458b-b6c1-69e816d6b869
post,f6bb966f-bff6-461e-97ed-a590b60bc71a,b5dff83b-0540-4cbf-b434-de67a938f0e5,f6bb966f-bff6-461e-97ed-a590b60bc71a,2026-01-31 10:07:55.587682+00:00,b0bd1fc2-e28a-4a12-9a6e-5281b7bf1bd8
post,f86c6b57-2acb-4f65-81c0-058c6bba8396,37944d7b-2721-4b24-9b61-00f37bdeaa90,f86c6b57-2acb-4f65-81c0-058c6bba8396,2026-01-31 10:12:26.790359+00:00,05528d30-32c7-4e96-b9c4-134d0a7ad9f5
post,f89c36a4-c70b-4d8d-989a-4496113e503c,aacc31ed-a4d7-462f-b639-457d8f290fb8,f89c36a4-c70b-4d8d-989a-4496113e503c,2026-01-31 08:48:57.541088+00:00,0a6aa1d6-a733-4ebb-9412-f2aeb6ebbbc8
post,f962354d-cb3a-4b51-a540-b944953f2570,002ccae6-fb2c-4c0f-85bb-4a08a8e45712,f962354d-cb3a-4b51-a540-b944953f2570,2026-01-31 09:13:42.410002+00:00,347435a3-7256-4826-871c-e3e570da0407
post,fdf4d2c9-9b4d-410f-ba01-314702673ae4,5e37a4cd-87c2-4092-bfb3-83a815f1043c,fdf4d2c9-9b4d-410f-ba01-314702673ae4,2026-01-31 08:43:03.562110+00:00,6d4808c0-4b20-4de4-a5d6-fa1adfbae4b3
